{
  "GetRequestedOTP" : {
    "transaction" : "GetRequestedOTP",
    "sampleCount" : 80,
    "errorCount" : 46,
    "errorPct" : 57.5,
    "meanResTime" : 8936.212499999998,
    "medianResTime" : 95.0,
    "minResTime" : 2.0,
    "maxResTime" : 31675.0,
    "pct1ResTime" : 29658.4,
    "pct2ResTime" : 30656.8,
    "pct3ResTime" : 31675.0,
    "throughput" : 0.9453582907922102,
    "receivedKBytesPerSec" : 0.25262253837563814,
    "sentKBytesPerSec" : 0.476983572184014
  },
  "UserName" : {
    "transaction" : "UserName",
    "sampleCount" : 80,
    "errorCount" : 70,
    "errorPct" : 87.5,
    "meanResTime" : 5931.874999999998,
    "medianResTime" : 10001.5,
    "minResTime" : 3.0,
    "maxResTime" : 28677.0,
    "pct1ResTime" : 10011.8,
    "pct2ResTime" : 10025.8,
    "pct3ResTime" : 28677.0,
    "throughput" : 0.8361815768294085,
    "receivedKBytesPerSec" : 0.23651322408098419,
    "sentKBytesPerSec" : 0.4447624493064919
  },
  "ResetOTP" : {
    "transaction" : "ResetOTP",
    "sampleCount" : 80,
    "errorCount" : 61,
    "errorPct" : 76.25,
    "meanResTime" : 6659.137500000001,
    "medianResTime" : 94.5,
    "minResTime" : 2.0,
    "maxResTime" : 31135.0,
    "pct1ResTime" : 21655.400000000005,
    "pct2ResTime" : 28611.55000000001,
    "pct3ResTime" : 31135.0,
    "throughput" : 0.9240436148586213,
    "receivedKBytesPerSec" : 0.25058140752055996,
    "sentKBytesPerSec" : 0.47164350180766035
  },
  "Total" : {
    "transaction" : "Total",
    "sampleCount" : 640,
    "errorCount" : 219,
    "errorPct" : 34.21875,
    "meanResTime" : 10629.304687499993,
    "medianResTime" : 4749.0,
    "minResTime" : 2.0,
    "maxResTime" : 35771.0,
    "pct1ResTime" : 28252.6,
    "pct2ResTime" : 31128.749999999993,
    "pct3ResTime" : 32446.370000000003,
    "throughput" : 3.6269870505227964,
    "receivedKBytesPerSec" : 1.2342304429599613,
    "sentKBytesPerSec" : 1.7097079903516477
  },
  "CreateAccount" : {
    "transaction" : "CreateAccount",
    "sampleCount" : 80,
    "errorCount" : 8,
    "errorPct" : 10.0,
    "meanResTime" : 6319.037500000001,
    "medianResTime" : 3703.0,
    "minResTime" : 226.0,
    "maxResTime" : 29407.0,
    "pct1ResTime" : 19996.8,
    "pct2ResTime" : 20178.7,
    "pct3ResTime" : 29407.0,
    "throughput" : 1.428545918822878,
    "receivedKBytesPerSec" : 0.3917689527865574,
    "sentKBytesPerSec" : 0.9263227442367101
  },
  "RegisterDevice" : {
    "transaction" : "RegisterDevice",
    "sampleCount" : 80,
    "errorCount" : 0,
    "errorPct" : 0.0,
    "meanResTime" : 12020.5,
    "medianResTime" : 1235.5,
    "minResTime" : 173.0,
    "maxResTime" : 28258.0,
    "pct1ResTime" : 27691.0,
    "pct2ResTime" : 27869.45,
    "pct3ResTime" : 28258.0,
    "throughput" : 2.788330835453627,
    "receivedKBytesPerSec" : 1.4268411697047856,
    "sentKBytesPerSec" : 1.3151990171133805
  },
  "Initv1" : {
    "transaction" : "Initv1",
    "sampleCount" : 80,
    "errorCount" : 23,
    "errorPct" : 28.75,
    "meanResTime" : 11460.849999999999,
    "medianResTime" : 4831.0,
    "minResTime" : 15.0,
    "maxResTime" : 35771.0,
    "pct1ResTime" : 32258.9,
    "pct2ResTime" : 32866.45,
    "pct3ResTime" : 35771.0,
    "throughput" : 0.8807759636239527,
    "receivedKBytesPerSec" : 0.5142733873542591,
    "sentKBytesPerSec" : 0.0
  },
  "VerifyOTP" : {
    "transaction" : "VerifyOTP",
    "sampleCount" : 80,
    "errorCount" : 10,
    "errorPct" : 12.5,
    "meanResTime" : 14745.624999999998,
    "medianResTime" : 15299.5,
    "minResTime" : 9.0,
    "maxResTime" : 32099.0,
    "pct1ResTime" : 32022.9,
    "pct2ResTime" : 32087.15,
    "pct3ResTime" : 32099.0,
    "throughput" : 0.8666637777874073,
    "receivedKBytesPerSec" : 0.2376554578151406,
    "sentKBytesPerSec" : 0.5142430775230749
  },
  "CreatedAccount-GetRequestedOTP" : {
    "transaction" : "CreatedAccount-GetRequestedOTP",
    "sampleCount" : 80,
    "errorCount" : 1,
    "errorPct" : 1.25,
    "meanResTime" : 18961.2,
    "medianResTime" : 22288.0,
    "minResTime" : 7.0,
    "maxResTime" : 32091.0,
    "pct1ResTime" : 27990.500000000004,
    "pct2ResTime" : 30954.800000000003,
    "pct3ResTime" : 32091.0,
    "throughput" : 1.290634831007502,
    "receivedKBytesPerSec" : 0.33170197426796805,
    "sentKBytesPerSec" : 0.6591816568524643
  }
}