{
  "UserName" : {
    "transaction" : "UserName",
    "sampleCount" : 50,
    "errorCount" : 50,
    "errorPct" : 100.0,
    "meanResTime" : 4.2,
    "medianResTime" : 4.0,
    "minResTime" : 3.0,
    "maxResTime" : 8.0,
    "pct1ResTime" : 6.0,
    "pct2ResTime" : 7.0,
    "pct3ResTime" : 8.0,
    "throughput" : 0.20511642408230912,
    "receivedKBytesPerSec" : 0.06189548343889992,
    "sentKBytesPerSec" : 0.11037026334897687
  },
  "Init V2" : {
    "transaction" : "Init V2",
    "sampleCount" : 50,
    "errorCount" : 50,
    "errorPct" : 100.0,
    "meanResTime" : 145.26000000000005,
    "medianResTime" : 139.5,
    "minResTime" : 128.0,
    "maxResTime" : 214.0,
    "pct1ResTime" : 162.6,
    "pct2ResTime" : 185.7,
    "pct3ResTime" : 214.0,
    "throughput" : 0.20498692183438696,
    "receivedKBytesPerSec" : 0.06205658766470699,
    "sentKBytesPerSec" : 82.59892764935347
  },
  "ResetOTP" : {
    "transaction" : "ResetOTP",
    "sampleCount" : 50,
    "errorCount" : 50,
    "errorPct" : 100.0,
    "meanResTime" : 3.8800000000000003,
    "medianResTime" : 4.0,
    "minResTime" : 2.0,
    "maxResTime" : 11.0,
    "pct1ResTime" : 5.0,
    "pct2ResTime" : 6.0,
    "pct3ResTime" : 11.0,
    "throughput" : 0.20511389974853036,
    "receivedKBytesPerSec" : 0.06189472170146082,
    "sentKBytesPerSec" : 0.10596216110055914
  },
  "Total" : {
    "transaction" : "Total",
    "sampleCount" : 400,
    "errorCount" : 200,
    "errorPct" : 50.0,
    "meanResTime" : 127.40250000000003,
    "medianResTime" : 17.0,
    "minResTime" : 2.0,
    "maxResTime" : 5003.0,
    "pct1ResTime" : 378.80000000000007,
    "pct2ResTime" : 464.84999999999997,
    "pct3ResTime" : 587.96,
    "throughput" : 1.628657863770913,
    "receivedKBytesPerSec" : 0.5124069374717529,
    "sentKBytesPerSec" : 82.81284672599052
  },
  "CreateAccount" : {
    "transaction" : "CreateAccount",
    "sampleCount" : 50,
    "errorCount" : 0,
    "errorPct" : 0.0,
    "meanResTime" : 439.40000000000003,
    "medianResTime" : 440.0,
    "minResTime" : 288.0,
    "maxResTime" : 740.0,
    "pct1ResTime" : 556.0,
    "pct2ResTime" : 585.8,
    "pct3ResTime" : 740.0,
    "throughput" : 0.20459353402595065,
    "receivedKBytesPerSec" : 0.05534414934100423,
    "sentKBytesPerSec" : 0.13266611971995237
  },
  "Get Requested OTP" : {
    "transaction" : "Get Requested OTP",
    "sampleCount" : 100,
    "errorCount" : 50,
    "errorPct" : 50.0,
    "meanResTime" : 189.16000000000003,
    "medianResTime" : 244.0,
    "minResTime" : 3.0,
    "maxResTime" : 5003.0,
    "pct1ResTime" : 281.0,
    "pct2ResTime" : 346.49999999999966,
    "pct3ResTime" : 4957.139999999977,
    "throughput" : 0.4094618442980391,
    "receivedKBytesPerSec" : 0.11423345671783575,
    "sentKBytesPerSec" : 0.20912943805456488
  },
  "Register Device" : {
    "transaction" : "Register Device",
    "sampleCount" : 50,
    "errorCount" : 0,
    "errorPct" : 0.0,
    "meanResTime" : 35.239999999999995,
    "medianResTime" : 22.5,
    "minResTime" : 16.0,
    "maxResTime" : 656.0,
    "pct1ResTime" : 30.9,
    "pct2ResTime" : 35.89999999999999,
    "pct3ResTime" : 656.0,
    "throughput" : 0.2042500347225059,
    "receivedKBytesPerSec" : 0.10451857245565732,
    "sentKBytesPerSec" : 0.10471803538019102
  },
  "VerifyOTP" : {
    "transaction" : "VerifyOTP",
    "sampleCount" : 50,
    "errorCount" : 0,
    "errorPct" : 0.0,
    "meanResTime" : 12.920000000000003,
    "medianResTime" : 12.0,
    "minResTime" : 8.0,
    "maxResTime" : 25.0,
    "pct1ResTime" : 17.0,
    "pct2ResTime" : 18.349999999999987,
    "pct3ResTime" : 25.0,
    "throughput" : 0.20507435996292256,
    "receivedKBytesPerSec" : 0.05547421651340776,
    "sentKBytesPerSec" : 0.12176290122798528
  }
}