{
  "GetRequestedOTP" : {
    "transaction" : "GetRequestedOTP",
    "sampleCount" : 20,
    "errorCount" : 0,
    "errorPct" : 0.0,
    "meanResTime" : 3945.25,
    "medianResTime" : 88.5,
    "minResTime" : 6.0,
    "maxResTime" : 21291.0,
    "pct1ResTime" : 21129.800000000003,
    "pct2ResTime" : 21286.45,
    "pct3ResTime" : 21291.0,
    "throughput" : 0.12130769697337296,
    "receivedKBytesPerSec" : 0.028313026930308727,
    "sentKBytesPerSec" : 0.07214490962576575
  },
  "UserName" : {
    "transaction" : "UserName",
    "sampleCount" : 20,
    "errorCount" : 3,
    "errorPct" : 15.0,
    "meanResTime" : 4265.099999999999,
    "medianResTime" : 1739.5,
    "minResTime" : 769.0,
    "maxResTime" : 37993.0,
    "pct1ResTime" : 10641.50000000001,
    "pct2ResTime" : 36647.89999999998,
    "pct3ResTime" : 37993.0,
    "throughput" : 0.1277620559470043,
    "receivedKBytesPerSec" : 0.06970143804179096,
    "sentKBytesPerSec" : 0.06755543475830614
  },
  "ResetOTP" : {
    "transaction" : "ResetOTP",
    "sampleCount" : 20,
    "errorCount" : 0,
    "errorPct" : 0.0,
    "meanResTime" : 23093.499999999996,
    "medianResTime" : 25555.5,
    "minResTime" : 104.0,
    "maxResTime" : 40802.0,
    "pct1ResTime" : 39680.5,
    "pct2ResTime" : 40751.45,
    "pct3ResTime" : 40802.0,
    "throughput" : 0.11409143287430547,
    "receivedKBytesPerSec" : 0.02662876216499903,
    "sentKBytesPerSec" : 0.06852171017353306
  },
  "Total" : {
    "transaction" : "Total",
    "sampleCount" : 160,
    "errorCount" : 3,
    "errorPct" : 1.875,
    "meanResTime" : 10161.093749999996,
    "medianResTime" : 1817.5,
    "minResTime" : 6.0,
    "maxResTime" : 40802.0,
    "pct1ResTime" : 36725.8,
    "pct2ResTime" : 39365.24999999999,
    "pct3ResTime" : 40681.219999999994,
    "throughput" : 0.7034049194381553,
    "receivedKBytesPerSec" : 0.2555896305475568,
    "sentKBytesPerSec" : 0.3444425859472886
  },
  "CreateAccount" : {
    "transaction" : "CreateAccount",
    "sampleCount" : 20,
    "errorCount" : 0,
    "errorPct" : 0.0,
    "meanResTime" : 22145.35,
    "medianResTime" : 26953.0,
    "minResTime" : 154.0,
    "maxResTime" : 40604.0,
    "pct1ResTime" : 40490.6,
    "pct2ResTime" : 40598.75,
    "pct3ResTime" : 40604.0,
    "throughput" : 0.14779672039077452,
    "receivedKBytesPerSec" : 0.03651618189342379,
    "sentKBytesPerSec" : 0.09468227400033993
  },
  "RegisterDevice" : {
    "transaction" : "RegisterDevice",
    "sampleCount" : 20,
    "errorCount" : 0,
    "errorPct" : 0.0,
    "meanResTime" : 31.85,
    "medianResTime" : 34.5,
    "minResTime" : 7.0,
    "maxResTime" : 55.0,
    "pct1ResTime" : 45.30000000000001,
    "pct2ResTime" : 54.55,
    "pct3ResTime" : 55.0,
    "throughput" : 0.21070597035366997,
    "receivedKBytesPerSec" : 0.10288377458675292,
    "sentKBytesPerSec" : 0.09773958585741527
  },
  "Initv1" : {
    "transaction" : "Initv1",
    "sampleCount" : 20,
    "errorCount" : 0,
    "errorPct" : 0.0,
    "meanResTime" : 12730.95,
    "medianResTime" : 2054.5,
    "minResTime" : 1706.0,
    "maxResTime" : 38169.0,
    "pct1ResTime" : 37542.700000000004,
    "pct2ResTime" : 38139.6,
    "pct3ResTime" : 38169.0,
    "throughput" : 0.11998176277205866,
    "receivedKBytesPerSec" : 0.08143293469392653,
    "sentKBytesPerSec" : 0.0
  },
  "VerifyOTP" : {
    "transaction" : "VerifyOTP",
    "sampleCount" : 20,
    "errorCount" : 0,
    "errorPct" : 0.0,
    "meanResTime" : 11860.15,
    "medianResTime" : 1789.5,
    "minResTime" : 8.0,
    "maxResTime" : 34988.0,
    "pct1ResTime" : 34588.0,
    "pct2ResTime" : 34969.1,
    "pct3ResTime" : 34988.0,
    "throughput" : 0.14793008824029763,
    "receivedKBytesPerSec" : 0.03654913312968291,
    "sentKBytesPerSec" : 0.08667778607829939
  },
  "CreatedAccount-GetRequestedOTP" : {
    "transaction" : "CreatedAccount-GetRequestedOTP",
    "sampleCount" : 20,
    "errorCount" : 0,
    "errorPct" : 0.0,
    "meanResTime" : 3216.6000000000004,
    "medianResTime" : 1191.5,
    "minResTime" : 6.0,
    "maxResTime" : 15011.0,
    "pct1ResTime" : 8868.0,
    "pct2ResTime" : 14704.799999999996,
    "pct3ResTime" : 15011.0,
    "throughput" : 0.1480253419385399,
    "receivedKBytesPerSec" : 0.03454888351885843,
    "sentKBytesPerSec" : 0.07444633896323051
  }
}