{
  "GetRequestedOTP" : {
    "transaction" : "GetRequestedOTP",
    "sampleCount" : 30,
    "errorCount" : 1,
    "errorPct" : 3.3333333,
    "meanResTime" : 6.2333333333333325,
    "medianResTime" : 6.0,
    "minResTime" : 4.0,
    "maxResTime" : 11.0,
    "pct1ResTime" : 7.900000000000002,
    "pct2ResTime" : 9.349999999999998,
    "pct3ResTime" : 11.0,
    "throughput" : 0.2068722977306109,
    "receivedKBytesPerSec" : 0.04859344076901329,
    "sentKBytesPerSec" : 0.12088426486205066
  },
  "UserName" : {
    "transaction" : "UserName",
    "sampleCount" : 30,
    "errorCount" : 1,
    "errorPct" : 3.3333333,
    "meanResTime" : 700.5333333333334,
    "medianResTime" : 714.5,
    "minResTime" : 3.0,
    "maxResTime" : 913.0,
    "pct1ResTime" : 858.7,
    "pct2ResTime" : 904.2,
    "pct3ResTime" : 913.0,
    "throughput" : 0.20565129765968823,
    "receivedKBytesPerSec" : 0.058609280957375345,
    "sentKBytesPerSec" : 0.1257940603620834
  },
  "ResetOTP" : {
    "transaction" : "ResetOTP",
    "sampleCount" : 30,
    "errorCount" : 1,
    "errorPct" : 3.3333333,
    "meanResTime" : 21.6,
    "medianResTime" : 19.0,
    "minResTime" : 16.0,
    "maxResTime" : 50.0,
    "pct1ResTime" : 30.800000000000004,
    "pct2ResTime" : 46.14999999999999,
    "pct3ResTime" : 50.0,
    "throughput" : 0.20683664042139518,
    "receivedKBytesPerSec" : 0.04858506501565064,
    "sentKBytesPerSec" : 0.12207536222266653
  },
  "Total" : {
    "transaction" : "Total",
    "sampleCount" : 240,
    "errorCount" : 4,
    "errorPct" : 1.6666666,
    "meanResTime" : 219.45416666666668,
    "medianResTime" : 17.0,
    "minResTime" : 3.0,
    "maxResTime" : 1045.0,
    "pct1ResTime" : 750.0,
    "pct2ResTime" : 835.8,
    "pct3ResTime" : 980.9900000000002,
    "throughput" : 1.2241525294051638,
    "receivedKBytesPerSec" : 0.40360273030644617,
    "sentKBytesPerSec" : 0.6095508523799565
  },
  "CreateAccount" : {
    "transaction" : "CreateAccount",
    "sampleCount" : 30,
    "errorCount" : 0,
    "errorPct" : 0.0,
    "meanResTime" : 244.0333333333333,
    "medianResTime" : 239.5,
    "minResTime" : 189.0,
    "maxResTime" : 320.0,
    "pct1ResTime" : 286.6,
    "pct2ResTime" : 315.05,
    "pct3ResTime" : 320.0,
    "throughput" : 0.20690368633401152,
    "receivedKBytesPerSec" : 0.051119758439946206,
    "sentKBytesPerSec" : 0.1327497284389117
  },
  "RegisterDevice" : {
    "transaction" : "RegisterDevice",
    "sampleCount" : 30,
    "errorCount" : 0,
    "errorPct" : 0.0,
    "meanResTime" : 7.533333333333332,
    "medianResTime" : 6.0,
    "minResTime" : 5.0,
    "maxResTime" : 41.0,
    "pct1ResTime" : 8.800000000000004,
    "pct2ResTime" : 23.949999999999978,
    "pct3ResTime" : 41.0,
    "throughput" : 0.20706363065369987,
    "receivedKBytesPerSec" : 0.10110528840512689,
    "sentKBytesPerSec" : 0.09625223456168079
  },
  "Initv1" : {
    "transaction" : "Initv1",
    "sampleCount" : 30,
    "errorCount" : 1,
    "errorPct" : 3.3333333,
    "meanResTime" : 750.7666666666667,
    "medianResTime" : 732.0,
    "minResTime" : 133.0,
    "maxResTime" : 1045.0,
    "pct1ResTime" : 943.7,
    "pct2ResTime" : 1023.55,
    "pct3ResTime" : 1045.0,
    "throughput" : 0.20586862836595207,
    "receivedKBytesPerSec" : 0.13731276677143092,
    "sentKBytesPerSec" : 0.0
  },
  "VerifyOTP" : {
    "transaction" : "VerifyOTP",
    "sampleCount" : 30,
    "errorCount" : 0,
    "errorPct" : 0.0,
    "meanResTime" : 11.166666666666663,
    "medianResTime" : 10.0,
    "minResTime" : 7.0,
    "maxResTime" : 31.0,
    "pct1ResTime" : 13.0,
    "pct2ResTime" : 22.19999999999999,
    "pct3ResTime" : 31.0,
    "throughput" : 0.20733409816578435,
    "receivedKBytesPerSec" : 0.05122610042572602,
    "sentKBytesPerSec" : 0.12168729784925429
  },
  "CreatedAccount-GetRequestedOTP" : {
    "transaction" : "CreatedAccount-GetRequestedOTP",
    "sampleCount" : 30,
    "errorCount" : 0,
    "errorPct" : 0.0,
    "meanResTime" : 13.766666666666666,
    "medianResTime" : 7.0,
    "minResTime" : 5.0,
    "maxResTime" : 54.0,
    "pct1ResTime" : 36.800000000000004,
    "pct2ResTime" : 51.8,
    "pct3ResTime" : 54.0,
    "throughput" : 0.20733696403394797,
    "receivedKBytesPerSec" : 0.04839212344151715,
    "sentKBytesPerSec" : 0.10447839203273158
  }
}