{
  "List All the Recent Stories for the user V1" : {
    "transaction" : "List All the Recent Stories for the user V1",
    "sampleCount" : 20,
    "errorCount" : 0,
    "errorPct" : 0.0,
    "meanResTime" : 4527.450000000001,
    "medianResTime" : 709.0,
    "minResTime" : 172.0,
    "maxResTime" : 19670.0,
    "pct1ResTime" : 13416.400000000001,
    "pct2ResTime" : 19362.749999999996,
    "pct3ResTime" : 19670.0,
    "throughput" : 0.13637541424032076,
    "receivedKBytesPerSec" : 0.03662425675399239,
    "sentKBytesPerSec" : 0.08310376805269547
  },
  "List all the Flicks feed for a user V2" : {
    "transaction" : "List all the Flicks feed for a user V2",
    "sampleCount" : 20,
    "errorCount" : 0,
    "errorPct" : 0.0,
    "meanResTime" : 3084.25,
    "medianResTime" : 1151.5,
    "minResTime" : 163.0,
    "maxResTime" : 13187.0,
    "pct1ResTime" : 10874.900000000005,
    "pct2ResTime" : 13085.05,
    "pct3ResTime" : 13187.0,
    "throughput" : 0.13397552267200782,
    "receivedKBytesPerSec" : 0.03754978028014282,
    "sentKBytesPerSec" : 0.08124882771417662
  },
  "findPlace" : {
    "transaction" : "findPlace",
    "sampleCount" : 20,
    "errorCount" : 0,
    "errorPct" : 0.0,
    "meanResTime" : 4314.950000000001,
    "medianResTime" : 2125.0,
    "minResTime" : 1013.0,
    "maxResTime" : 13588.0,
    "pct1ResTime" : 12597.400000000005,
    "pct2ResTime" : 13549.0,
    "pct3ResTime" : 13588.0,
    "throughput" : 0.16271274691659346,
    "receivedKBytesPerSec" : 0.04004259006150542,
    "sentKBytesPerSec" : 0.10074207182140649
  },
  "Get Feed on Story V1" : {
    "transaction" : "Get Feed on Story V1",
    "sampleCount" : 20,
    "errorCount" : 0,
    "errorPct" : 0.0,
    "meanResTime" : 3132.5,
    "medianResTime" : 1014.5,
    "minResTime" : 197.0,
    "maxResTime" : 12318.0,
    "pct1ResTime" : 11027.800000000001,
    "pct2ResTime" : 12256.199999999999,
    "pct3ResTime" : 12318.0,
    "throughput" : 0.13610256689441164,
    "receivedKBytesPerSec" : 0.03655098232027656,
    "sentKBytesPerSec" : 0.08878565887252633
  },
  "List all the Recent Stories for User V2" : {
    "transaction" : "List all the Recent Stories for User V2",
    "sampleCount" : 20,
    "errorCount" : 0,
    "errorPct" : 0.0,
    "meanResTime" : 4558.5,
    "medianResTime" : 1321.5,
    "minResTime" : 250.0,
    "maxResTime" : 15857.0,
    "pct1ResTime" : 15085.200000000004,
    "pct2ResTime" : 15827.949999999999,
    "pct3ResTime" : 15857.0,
    "throughput" : 0.13300702277080229,
    "receivedKBytesPerSec" : 0.0357196594355182,
    "sentKBytesPerSec" : 0.08105115450095765
  },
  "RegisterDevice" : {
    "transaction" : "RegisterDevice",
    "sampleCount" : 20,
    "errorCount" : 0,
    "errorPct" : 0.0,
    "meanResTime" : 49.55000000000001,
    "medianResTime" : 27.0,
    "minResTime" : 16.0,
    "maxResTime" : 384.0,
    "pct1ResTime" : 76.10000000000002,
    "pct2ResTime" : 368.6499999999998,
    "pct3ResTime" : 384.0,
    "throughput" : 0.21093041405640278,
    "receivedKBytesPerSec" : 0.10793704781792487,
    "sentKBytesPerSec" : 0.09949159178636968
  },
  "login" : {
    "transaction" : "login",
    "sampleCount" : 20,
    "errorCount" : 0,
    "errorPct" : 0.0,
    "meanResTime" : 1278.1499999999999,
    "medianResTime" : 1234.5,
    "minResTime" : 689.0,
    "maxResTime" : 2303.0,
    "pct1ResTime" : 2152.8000000000006,
    "pct2ResTime" : 2296.85,
    "pct3ResTime" : 2303.0,
    "throughput" : 0.20968536710665647,
    "receivedKBytesPerSec" : 0.15439723320158102,
    "sentKBytesPerSec" : 0.13432968830270178
  },
  "List all the flicks feed for a user V1" : {
    "transaction" : "List all the flicks feed for a user V1",
    "sampleCount" : 20,
    "errorCount" : 0,
    "errorPct" : 0.0,
    "meanResTime" : 3288.2499999999995,
    "medianResTime" : 717.5,
    "minResTime" : 193.0,
    "maxResTime" : 16926.0,
    "pct1ResTime" : 15476.000000000011,
    "pct2ResTime" : 16877.2,
    "pct3ResTime" : 16926.0,
    "throughput" : 0.13352828462889152,
    "receivedKBytesPerSec" : 2.112198392987094,
    "sentKBytesPerSec" : 0.08097760229935706
  },
  "createStory" : {
    "transaction" : "createStory",
    "sampleCount" : 20,
    "errorCount" : 0,
    "errorPct" : 0.0,
    "meanResTime" : 2410.1000000000004,
    "medianResTime" : 519.5,
    "minResTime" : 206.0,
    "maxResTime" : 15328.0,
    "pct1ResTime" : 13769.200000000019,
    "pct2ResTime" : 15292.75,
    "pct3ResTime" : 15328.0,
    "throughput" : 0.1823203916242012,
    "receivedKBytesPerSec" : 0.5238150314046874,
    "sentKBytesPerSec" : 0.6742649639461425
  },
  "storyDetails" : {
    "transaction" : "storyDetails",
    "sampleCount" : 20,
    "errorCount" : 0,
    "errorPct" : 0.0,
    "meanResTime" : 3544.6000000000004,
    "medianResTime" : 1429.0,
    "minResTime" : 531.0,
    "maxResTime" : 12739.0,
    "pct1ResTime" : 11965.5,
    "pct2ResTime" : 12701.699999999999,
    "pct3ResTime" : 12739.0,
    "throughput" : 0.14410363933741147,
    "receivedKBytesPerSec" : 0.4074023787908264,
    "sentKBytesPerSec" : 0.09569382299749982
  },
  "Total" : {
    "transaction" : "Total",
    "sampleCount" : 360,
    "errorCount" : 0,
    "errorPct" : 0.0,
    "meanResTime" : 3689.694444444442,
    "medianResTime" : 1121.0,
    "minResTime" : 16.0,
    "maxResTime" : 19670.0,
    "pct1ResTime" : 11833.700000000003,
    "pct2ResTime" : 14404.04999999999,
    "pct3ResTime" : 18802.519999999997,
    "throughput" : 1.8359197703060375,
    "receivedKBytesPerSec" : 4.132582492082596,
    "sentKBytesPerSec" : 1.4747519595893661
  },
  "getStory" : {
    "transaction" : "getStory",
    "sampleCount" : 20,
    "errorCount" : 0,
    "errorPct" : 0.0,
    "meanResTime" : 4824.849999999999,
    "medianResTime" : 2042.5,
    "minResTime" : 457.0,
    "maxResTime" : 12184.0,
    "pct1ResTime" : 11758.500000000002,
    "pct2ResTime" : 12166.85,
    "pct3ResTime" : 12184.0,
    "throughput" : 0.17957996246778785,
    "receivedKBytesPerSec" : 0.5076992102971151,
    "sentKBytesPerSec" : 0.11925231882626537
  },
  "List all the Explore feed for the user V2" : {
    "transaction" : "List all the Explore feed for the user V2",
    "sampleCount" : 20,
    "errorCount" : 0,
    "errorPct" : 0.0,
    "meanResTime" : 3945.05,
    "medianResTime" : 997.5,
    "minResTime" : 203.0,
    "maxResTime" : 12684.0,
    "pct1ResTime" : 12128.500000000002,
    "pct2ResTime" : 12661.75,
    "pct3ResTime" : 12684.0,
    "throughput" : 0.13266910335586496,
    "receivedKBytesPerSec" : 0.039722995204011916,
    "sentKBytesPerSec" : 0.08550938302233484
  },
  "List All the Explore Feed for the user v1" : {
    "transaction" : "List All the Explore Feed for the user v1",
    "sampleCount" : 20,
    "errorCount" : 0,
    "errorPct" : 0.0,
    "meanResTime" : 5330.000000000001,
    "medianResTime" : 874.5,
    "minResTime" : 141.0,
    "maxResTime" : 19282.0,
    "pct1ResTime" : 18011.200000000008,
    "pct2ResTime" : 19237.6,
    "pct3ResTime" : 19282.0,
    "throughput" : 0.13276069221424922,
    "receivedKBytesPerSec" : 0.03806497972080427,
    "sentKBytesPerSec" : 0.0855684149037153
  },
  "userStories" : {
    "transaction" : "userStories",
    "sampleCount" : 20,
    "errorCount" : 0,
    "errorPct" : 0.0,
    "meanResTime" : 3869.3,
    "medianResTime" : 861.0,
    "minResTime" : 326.0,
    "maxResTime" : 16265.0,
    "pct1ResTime" : 14229.500000000007,
    "pct2ResTime" : 16177.749999999998,
    "pct3ResTime" : 16265.0,
    "throughput" : 0.14475131723698687,
    "receivedKBytesPerSec" : 0.5042618519664466,
    "sentKBytesPerSec" : 0.09329674743790169
  },
  "AllStoriesByAUser" : {
    "transaction" : "AllStoriesByAUser",
    "sampleCount" : 20,
    "errorCount" : 0,
    "errorPct" : 0.0,
    "meanResTime" : 5897.949999999999,
    "medianResTime" : 3925.0,
    "minResTime" : 486.0,
    "maxResTime" : 18737.0,
    "pct1ResTime" : 14766.800000000007,
    "pct2ResTime" : 18555.149999999998,
    "pct3ResTime" : 18737.0,