{
  "GetRequestedOTP" : {
    "transaction" : "GetRequestedOTP",
    "sampleCount" : 20,
    "errorCount" : 0,
    "errorPct" : 0.0,
    "meanResTime" : 7.65,
    "medianResTime" : 7.0,
    "minResTime" : 5.0,
    "maxResTime" : 18.0,
    "pct1ResTime" : 10.900000000000002,
    "pct2ResTime" : 17.649999999999995,
    "pct3ResTime" : 18.0,
    "throughput" : 0.10014972383713652,
    "receivedKBytesPerSec" : 0.023374789059644168,
    "sentKBytesPerSec" : 0.05965950345766922
  },
  "UserName" : {
    "transaction" : "UserName",
    "sampleCount" : 20,
    "errorCount" : 16,
    "errorPct" : 80.0,
    "meanResTime" : 970.0999999999999,
    "medianResTime" : 1108.5,
    "minResTime" : 93.0,
    "maxResTime" : 2295.0,
    "pct1ResTime" : 1496.8,
    "pct2ResTime" : 2255.1499999999996,
    "pct3ResTime" : 2295.0,
    "throughput" : 0.10075668268697921,
    "receivedKBytesPerSec" : 0.168688727342341,
    "sentKBytesPerSec" : 0.0125552272566978
  },
  "ResetOTP" : {
    "transaction" : "ResetOTP",
    "sampleCount" : 20,
    "errorCount" : 0,
    "errorPct" : 0.0,
    "meanResTime" : 32577.100000000002,
    "medianResTime" : 33463.0,
    "minResTime" : 8804.0,
    "maxResTime" : 50505.0,
    "pct1ResTime" : 50170.4,
    "pct2ResTime" : 50489.75,
    "pct3ResTime" : 50505.0,
    "throughput" : 0.09592418152692113,
    "receivedKBytesPerSec" : 0.022388554086849755,
    "sentKBytesPerSec" : 0.05770439044978849
  },
  "Total" : {
    "transaction" : "Total",
    "sampleCount" : 160,
    "errorCount" : 16,
    "errorPct" : 10.0,
    "meanResTime" : 13892.606249999999,
    "medianResTime" : 1640.5,
    "minResTime" : 5.0,
    "maxResTime" : 52205.0,
    "pct1ResTime" : 47967.1,
    "pct2ResTime" : 50199.85,
    "pct3ResTime" : 51581.57999999999,
    "throughput" : 0.7373135979060293,
    "receivedKBytesPerSec" : 0.3719329482405854,
    "sentKBytesPerSec" : 0.3243387794695029
  },
  "CreateAccount" : {
    "transaction" : "CreateAccount",
    "sampleCount" : 20,
    "errorCount" : 0,
    "errorPct" : 0.0,
    "meanResTime" : 32972.8,
    "medianResTime" : 35856.5,
    "minResTime" : 2188.0,
    "maxResTime" : 52205.0,
    "pct1ResTime" : 51145.5,
    "pct2ResTime" : 52153.9,
    "pct3ResTime" : 52205.0,
    "throughput" : 0.1375600965671878,
    "receivedKBytesPerSec" : 0.033987016046385266,
    "sentKBytesPerSec" : 0.08825877289515857
  },
  "RegisterDevice" : {
    "transaction" : "RegisterDevice",
    "sampleCount" : 20,
    "errorCount" : 0,
    "errorPct" : 0.0,
    "meanResTime" : 40.4,
    "medianResTime" : 20.0,
    "minResTime" : 7.0,
    "maxResTime" : 106.0,
    "pct1ResTime" : 91.4,
    "pct2ResTime" : 105.29999999999998,
    "pct3ResTime" : 106.0,
    "throughput" : 0.21095711241904522,
    "receivedKBytesPerSec" : 0.10300640254836192,
    "sentKBytesPerSec" : 0.09806209522604055
  },
  "Initv1" : {
    "transaction" : "Initv1",
    "sampleCount" : 20,
    "errorCount" : 0,
    "errorPct" : 0.0,
    "meanResTime" : 5825.150000000001,
    "medianResTime" : 1997.5,
    "minResTime" : 1783.0,
    "maxResTime" : 30584.0,
    "pct1ResTime" : 26023.800000000007,
    "pct2ResTime" : 30369.499999999996,
    "pct3ResTime" : 30584.0,
    "throughput" : 0.09838549404275834,
    "receivedKBytesPerSec" : 0.06677531089816117,
    "sentKBytesPerSec" : 0.0
  },
  "VerifyOTP" : {
    "transaction" : "VerifyOTP",
    "sampleCount" : 20,
    "errorCount" : 0,
    "errorPct" : 0.0,
    "meanResTime" : 38356.15,
    "medianResTime" : 44793.0,
    "minResTime" : 1487.0,
    "maxResTime" : 50792.0,
    "pct1ResTime" : 50287.0,
    "pct2ResTime" : 50767.25,
    "pct3ResTime" : 50792.0,
    "throughput" : 0.10888442462747916,
    "receivedKBytesPerSec" : 0.02690210881909397,
    "sentKBytesPerSec" : 0.06390580000108884
  },
  "CreatedAccount-GetRequestedOTP" : {
    "transaction" : "CreatedAccount-GetRequestedOTP",
    "sampleCount" : 20,
    "errorCount" : 0,
    "errorPct" : 0.0,
    "meanResTime" : 391.5,
    "medianResTime" : 393.0,
    "minResTime" : 104.0,
    "maxResTime" : 904.0,
    "pct1ResTime" : 842.8000000000004,
    "pct2ResTime" : 901.75,
    "pct3ResTime" : 904.0,
    "throughput" : 0.13955955006001058,
    "receivedKBytesPerSec" : 0.03257298092220951,
    "sentKBytesPerSec" : 0.07032492952242722
  }
}