{
  "GetRequestedOTP" : {
    "transaction" : "GetRequestedOTP",
    "sampleCount" : 20,
    "errorCount" : 0,
    "errorPct" : 0.0,
    "meanResTime" : 8.700000000000003,
    "medianResTime" : 7.0,
    "minResTime" : 5.0,
    "maxResTime" : 23.0,
    "pct1ResTime" : 21.400000000000013,
    "pct2ResTime" : 22.95,
    "pct3ResTime" : 23.0,
    "throughput" : 0.21081035500463782,
    "receivedKBytesPerSec" : 0.049202807466902775,
    "sentKBytesPerSec" : 0.12558038725862214
  },
  "UserName" : {
    "transaction" : "UserName",
    "sampleCount" : 20,
    "errorCount" : 0,
    "errorPct" : 0.0,
    "meanResTime" : 804.2499999999999,
    "medianResTime" : 747.5,
    "minResTime" : 600.0,
    "maxResTime" : 1213.0,
    "pct1ResTime" : 1175.5000000000002,
    "pct2ResTime" : 1211.65,
    "pct3ResTime" : 1213.0,
    "throughput" : 0.20865065620631376,
    "receivedKBytesPerSec" : 0.05949803868383166,
    "sentKBytesPerSec" : 0.12999913931604315
  },
  "ResetOTP" : {
    "transaction" : "ResetOTP",
    "sampleCount" : 20,
    "errorCount" : 0,
    "errorPct" : 0.0,
    "meanResTime" : 21.199999999999996,
    "medianResTime" : 20.0,
    "minResTime" : 18.0,
    "maxResTime" : 28.0,
    "pct1ResTime" : 26.800000000000004,
    "pct2ResTime" : 27.95,
    "pct3ResTime" : 28.0,
    "throughput" : 0.21078813684365846,
    "receivedKBytesPerSec" : 0.049197621782846056,
    "sentKBytesPerSec" : 0.12680223857001327
  },
  "Total" : {
    "transaction" : "Total",
    "sampleCount" : 160,
    "errorCount" : 0,
    "errorPct" : 0.0,
    "meanResTime" : 237.3375,
    "medianResTime" : 20.0,
    "minResTime" : 5.0,
    "maxResTime" : 1213.0,
    "pct1ResTime" : 823.6,
    "pct2ResTime" : 917.2999999999998,
    "pct3ResTime" : 1196.5299999999997,
    "throughput" : 1.0954402300424482,
    "receivedKBytesPerSec" : 0.3623831815692181,
    "sentKBytesPerSec" : 0.5501270881829385
  },
  "CreateAccount" : {
    "transaction" : "CreateAccount",
    "sampleCount" : 20,
    "errorCount" : 0,
    "errorPct" : 0.0,
    "meanResTime" : 225.8,
    "medianResTime" : 208.0,
    "minResTime" : 183.0,
    "maxResTime" : 325.0,
    "pct1ResTime" : 295.20000000000005,
    "pct2ResTime" : 323.54999999999995,
    "pct3ResTime" : 325.0,
    "throughput" : 0.2104709287029729,
    "receivedKBytesPerSec" : 0.05200111812680873,
    "sentKBytesPerSec" : 0.1350384767166535
  },
  "RegisterDevice" : {
    "transaction" : "RegisterDevice",
    "sampleCount" : 20,
    "errorCount" : 0,
    "errorPct" : 0.0,
    "meanResTime" : 8.450000000000001,
    "medianResTime" : 6.0,
    "minResTime" : 5.0,
    "maxResTime" : 44.0,
    "pct1ResTime" : 8.900000000000002,
    "pct2ResTime" : 42.24999999999997,
    "pct3ResTime" : 44.0,
    "throughput" : 0.21076814450263986,
    "receivedKBytesPerSec" : 0.10291413305792962,
    "sentKBytesPerSec" : 0.097974254671149
  },
  "Initv1" : {
    "transaction" : "Initv1",
    "sampleCount" : 20,
    "errorCount" : 0,
    "errorPct" : 0.0,
    "meanResTime" : 804.15,
    "medianResTime" : 786.0,
    "minResTime" : 670.0,
    "maxResTime" : 1007.0,
    "pct1ResTime" : 957.5,
    "pct2ResTime" : 1004.55,
    "pct3ResTime" : 1007.0,
    "throughput" : 0.20916126333403054,
    "receivedKBytesPerSec" : 0.14196003712612423,
    "sentKBytesPerSec" : 0.0
  },
  "VerifyOTP" : {
    "transaction" : "VerifyOTP",
    "sampleCount" : 20,
    "errorCount" : 0,
    "errorPct" : 0.0,
    "meanResTime" : 14.149999999999999,
    "medianResTime" : 11.5,
    "minResTime" : 10.0,
    "maxResTime" : 56.0,
    "pct1ResTime" : 18.60000000000001,
    "pct2ResTime" : 54.14999999999998,
    "pct3ResTime" : 56.0,
    "throughput" : 0.21100385082027745,
    "receivedKBytesPerSec" : 0.052132787360869334,
    "sentKBytesPerSec" : 0.123841127288073
  },
  "CreatedAccount-GetRequestedOTP" : {
    "transaction" : "CreatedAccount-GetRequestedOTP",
    "sampleCount" : 20,
    "errorCount" : 0,
    "errorPct" : 0.0,
    "meanResTime" : 12.0,
    "medianResTime" : 7.5,
    "minResTime" : 5.0,
    "maxResTime" : 44.0,
    "pct1ResTime" : 38.60000000000003,
    "pct2ResTime" : 43.8,
    "pct3ResTime" : 44.0,
    "throughput" : 0.21101498206372651,
    "receivedKBytesPerSec" : 0.0492505671027643,
    "sentKBytesPerSec" : 0.10633176830554969
  }
}