{
  "List All the Recent Stories for the user V1" : {
    "transaction" : "List All the Recent Stories for the user V1",
    "sampleCount" : 50,
    "errorCount" : 24,
    "errorPct" : 48.0,
    "meanResTime" : 12339.220000000003,
    "medianResTime" : 1823.5,
    "minResTime" : 145.0,
    "maxResTime" : 42430.0,
    "pct1ResTime" : 32690.1,
    "pct2ResTime" : 34165.84999999999,
    "pct3ResTime" : 42430.0,
    "throughput" : 0.1253167380554351,
    "receivedKBytesPerSec" : 0.03365929261207703,
    "sentKBytesPerSec" : 0.07636488725253078
  },
  "List all the Flicks feed for a user V2" : {
    "transaction" : "List all the Flicks feed for a user V2",
    "sampleCount" : 50,
    "errorCount" : 35,
    "errorPct" : 70.0,
    "meanResTime" : 19266.02,
    "medianResTime" : 21632.0,
    "minResTime" : 143.0,
    "maxResTime" : 44744.0,
    "pct1ResTime" : 35900.8,
    "pct2ResTime" : 44365.0,
    "pct3ResTime" : 44744.0,
    "throughput" : 0.12277561283447147,
    "receivedKBytesPerSec" : 0.034410743050286435,
    "sentKBytesPerSec" : 0.07445669489278005
  },
  "findPlace" : {
    "transaction" : "findPlace",
    "sampleCount" : 50,
    "errorCount" : 40,
    "errorPct" : 80.0,
    "meanResTime" : 14163.080000000004,
    "medianResTime" : 9808.0,
    "minResTime" : 1493.0,
    "maxResTime" : 43529.0,
    "pct1ResTime" : 34870.4,
    "pct2ResTime" : 40052.74999999998,
    "pct3ResTime" : 43529.0,
    "throughput" : 0.159789333742394,
    "receivedKBytesPerSec" : 0.03940117848628369,
    "sentKBytesPerSec" : 0.09893206796159944
  },
  "Get Feed on Story V1" : {
    "transaction" : "Get Feed on Story V1",
    "sampleCount" : 50,
    "errorCount" : 39,
    "errorPct" : 78.0,
    "meanResTime" : 21191.740000000005,
    "medianResTime" : 26394.5,
    "minResTime" : 147.0,
    "maxResTime" : 44497.0,
    "pct1ResTime" : 35761.799999999996,
    "pct2ResTime" : 40725.999999999985,
    "pct3ResTime" : 44497.0,
    "throughput" : 0.12542613529466362,
    "receivedKBytesPerSec" : 0.03368377656839111,
    "sentKBytesPerSec" : 0.08182095544612822
  },
  "List all the Recent Stories for User V2" : {
    "transaction" : "List all the Recent Stories for User V2",
    "sampleCount" : 50,
    "errorCount" : 38,
    "errorPct" : 76.0,
    "meanResTime" : 18052.320000000003,
    "medianResTime" : 17466.0,
    "minResTime" : 191.0,
    "maxResTime" : 44586.0,
    "pct1ResTime" : 39702.2,
    "pct2ResTime" : 44371.65,
    "pct3ResTime" : 44586.0,
    "throughput" : 0.12484612714828974,
    "receivedKBytesPerSec" : 0.033528012661894216,
    "sentKBytesPerSec" : 0.07607810873098905
  },
  "RegisterDevice" : {
    "transaction" : "RegisterDevice",
    "sampleCount" : 50,
    "errorCount" : 0,
    "errorPct" : 0.0,
    "meanResTime" : 55.68000000000003,
    "medianResTime" : 20.5,
    "minResTime" : 15.0,
    "maxResTime" : 838.0,
    "pct1ResTime" : 50.8,
    "pct2ResTime" : 367.0499999999977,
    "pct3ResTime" : 838.0,
    "throughput" : 0.2042583786786934,
    "receivedKBytesPerSec" : 0.10452284221448763,
    "sentKBytesPerSec" : 0.09634452822442276
  },
  "login" : {
    "transaction" : "login",
    "sampleCount" : 50,
    "errorCount" : 3,
    "errorPct" : 6.0,
    "meanResTime" : 1119.5999999999997,
    "medianResTime" : 969.0,
    "minResTime" : 515.0,
    "maxResTime" : 2558.0,
    "pct1ResTime" : 1954.0,
    "pct2ResTime" : 2370.849999999999,
    "pct3ResTime" : 2558.0,
    "throughput" : 0.2043727595636233,
    "receivedKBytesPerSec" : 0.15048541085055855,
    "sentKBytesPerSec" : 0.13092629909544615
  },
  "List all the flicks feed for a user V1" : {
    "transaction" : "List all the flicks feed for a user V1",
    "sampleCount" : 50,
    "errorCount" : 7,
    "errorPct" : 14.0,
    "meanResTime" : 3857.060000000002,
    "medianResTime" : 244.5,
    "minResTime" : 118.0,
    "maxResTime" : 39491.0,
    "pct1ResTime" : 21048.199999999993,
    "pct2ResTime" : 36387.099999999984,
    "pct3ResTime" : 39491.0,
    "throughput" : 0.12309419413923924,
    "receivedKBytesPerSec" : 0.03293731366616362,
    "sentKBytesPerSec" : 0.0746498970317066
  },
  "createStory" : {
    "transaction" : "createStory",
    "sampleCount" : 50,
    "errorCount" : 10,
    "errorPct" : 20.0,
    "meanResTime" : 4517.360000000001,
    "medianResTime" : 306.5,
    "minResTime" : 149.0,
    "maxResTime" : 43761.0,
    "pct1ResTime" : 25817.799999999996,
    "pct2ResTime" : 34156.64999999995,
    "pct3ResTime" : 43761.0,
    "throughput" : 0.18668070505568685,
    "receivedKBytesPerSec" : 0.5839241194271143,
    "sentKBytesPerSec" : 0.6903904590291857
  },
  "storyDetails" : {
    "transaction" : "storyDetails",
    "sampleCount" : 50,
    "errorCount" : 46,
    "errorPct" : 92.0,
    "meanResTime" : 25865.840000000007,
    "medianResTime" : 30602.0,
    "minResTime" : 578.0,
    "maxResTime" : 44499.0,
    "pct1ResTime" : 43692.9,
    "pct2ResTime" : 44296.7,
    "pct3ResTime" : 44499.0,
    "throughput" : 0.14451117649439008,
    "receivedKBytesPerSec" : 0.5136920726949021,
    "sentKBytesPerSec" : 0.0959644531408059
  },
  "Total" : {
    "transaction" : "Total",
    "sampleCount" : 900,
    "errorCount" : 399,
    "errorPct" : 44.333332,
    "meanResTime" : 10494.354444444458,
    "medianResTime" : 1254.5,
    "minResTime" : 15.0,
    "maxResTime" : 44744.0,
    "pct1ResTime" : 34721.2,
    "pct2ResTime" : 38439.399999999994,
    "pct3ResTime" : 44202.99,
    "throughput" : 2.08408109391101,
    "receivedKBytesPerSec" : 2.492772200529125,
    "sentKBytesPerSec" : 1.6829135743148582
  },
  "getStory" : {
    "transaction" : "getStory",
    "sampleCount" : 50,
    "errorCount" : 30,
    "errorPct" : 60.0,
    "meanResTime" : 10808.359999999997,
    "medianResTime" : 3492.0,
    "minResTime" : 448.0,
    "maxResTime" : 42336.0,
    "pct1ResTime" : 29271.6,
    "pct2ResTime" : 41718.549999999996,
    "pct3ResTime" : 42336.0,
    "throughput" : 0.17849747961558785,
    "receivedKBytesPerSec" : 0.6345027595710349,
    "sentKBytesPerSec" : 0.1185334825572263
  },
  "List all the Explore feed for the user V2" : {
    "transaction" : "List all the Explore feed for the user V2",
    "sampleCount" : 50,
    "errorCount" : 30,
    "errorPct" : 60.0,
    "meanResTime" : 14840.58,
    "medianResTime" : 5315.5,
    "minResTime" : 156.0,
    "maxResTime" : 44174.0,
    "pct1ResTime" : 35478.8,
    "pct2ResTime" : 38998.449999999975,
    "pct3ResTime" : 44174.0,
    "throughput" : 0.12220666124069092,
    "receivedKBytesPerSec" : 0.03281917171991211,
    "sentKBytesPerSec" : 0.07876601212778907
  },
  "List All the Explore Feed for the user v1" : {
    "transaction" : "List All the Explore Feed for the user v1",
    "sampleCount" : 50,
    "errorCount" : 27,
    "errorPct" : 54.0,
    "meanResTime" : 13711.820000000002,
    "medianResTime" : 3667.5,
    "minResTime" : 129.0,
    "maxResTime" : 43192.0,
    "pct1ResTime" : 33462.6,
    "pct2ResTime" : 35621.14999999999,
    "pct3ResTime" : 43192.0,
    "throughput" : 0.1220989294365867,
    "receivedKBytesPerSec" : 0.031240155773814175,
    "sentKBytesPerSec" : 0.07869657561342502
  },
  "userStories" : {
    "transaction" : "userStories",
    "sampleCount" : 50,
    "errorCount" : 2,
    "errorPct" : 4.0,
    "meanResTime" : 928.0400000000001,
    "medianResTime" : 260.0,
    "minResTime" : 103.0,
    "maxResTime" : 22973.0,
    "pct1ResTime" : 968.9999999999999,
    "pct2ResTime" : 2806.149999999988,
    "pct3ResTime" : 22973.0,
    "throughput" : 0.16060748173892933,
    "receivedKBytesPerSec" : 0.03952449745918964,
    "sentKBytesPerSec" : 0.10963342747608555
  },
  "AllStoriesByAUser" : {
    "transaction" : "AllStoriesByAUser",
    "sampleCount" : 50,
    "errorCount" : 15,
    "errorPct" : 30.0,
    "meanResTime" : 5733.799999999998,
    "medianResTime" : 1048.5,
    "minResTime" : 137.0,
    "maxResTime" : 35656.0,
    "pct1ResTime" : 29337.299999999996,
    "pct2ResTime" : 34583.45,
    "pct3ResTime" : 35656.0,
    "throughput" : 0.13532605459594346,