{
  "List All the Recent Stories for the user V1" : {
    "transaction" : "List All the Recent Stories for the user V1",
    "sampleCount" : 10,
    "errorCount" : 0,
    "errorPct" : 0.0,
    "meanResTime" : 1645.1,
    "medianResTime" : 1121.0,
    "minResTime" : 184.0,
    "maxResTime" : 5944.0,
    "pct1ResTime" : 5627.500000000001,
    "pct2ResTime" : 5944.0,
    "pct3ResTime" : 5944.0,
    "throughput" : 0.15749767690926558,
    "receivedKBytesPerSec" : 0.04229673940434379,
    "sentKBytesPerSec" : 0.09597514686658372
  },
  "List all the Flicks feed for a user V2" : {
    "transaction" : "List all the Flicks feed for a user V2",
    "sampleCount" : 10,
    "errorCount" : 0,
    "errorPct" : 0.0,
    "meanResTime" : 934.1999999999999,
    "medianResTime" : 356.0,
    "minResTime" : 205.0,
    "maxResTime" : 5284.0,
    "pct1ResTime" : 4854.4000000000015,
    "pct2ResTime" : 5284.0,
    "pct3ResTime" : 5284.0,
    "throughput" : 0.15981078403170645,
    "receivedKBytesPerSec" : 0.04479071779013648,
    "sentKBytesPerSec" : 0.09691650086297823
  },
  "findPlace" : {
    "transaction" : "findPlace",
    "sampleCount" : 10,
    "errorCount" : 0,
    "errorPct" : 0.0,
    "meanResTime" : 2269.5,
    "medianResTime" : 1618.0,
    "minResTime" : 1203.0,
    "maxResTime" : 4710.0,
    "pct1ResTime" : 4667.3,
    "pct2ResTime" : 4710.0,
    "pct3ResTime" : 4710.0,
    "throughput" : 0.19409184426070417,
    "receivedKBytesPerSec" : 0.047764789798532666,
    "sentKBytesPerSec" : 0.12017014576297505
  },
  "Get Feed on Story V1" : {
    "transaction" : "Get Feed on Story V1",
    "sampleCount" : 10,
    "errorCount" : 0,
    "errorPct" : 0.0,
    "meanResTime" : 1379.0,
    "medianResTime" : 1064.5,
    "minResTime" : 185.0,
    "maxResTime" : 3569.0,
    "pct1ResTime" : 3521.7000000000003,
    "pct2ResTime" : 3569.0,
    "pct3ResTime" : 3569.0,
    "throughput" : 0.16567537566891433,
    "receivedKBytesPerSec" : 0.04449289873921039,
    "sentKBytesPerSec" : 0.10807729584651833
  },
  "List all the Recent Stories for User V2" : {
    "transaction" : "List all the Recent Stories for User V2",
    "sampleCount" : 10,
    "errorCount" : 0,
    "errorPct" : 0.0,
    "meanResTime" : 743.4,
    "medianResTime" : 326.0,
    "minResTime" : 173.0,
    "maxResTime" : 2601.0,
    "pct1ResTime" : 2474.8,
    "pct2ResTime" : 2601.0,
    "pct3ResTime" : 2601.0,
    "throughput" : 0.15926610180289227,
    "receivedKBytesPerSec" : 0.04277165819901892,
    "sentKBytesPerSec" : 0.09705278078613748
  },
  "RegisterDevice" : {
    "transaction" : "RegisterDevice",
    "sampleCount" : 10,
    "errorCount" : 0,
    "errorPct" : 0.0,
    "meanResTime" : 55.3,
    "medianResTime" : 25.5,
    "minResTime" : 20.0,
    "maxResTime" : 327.0,
    "pct1ResTime" : 298.2000000000001,
    "pct2ResTime" : 327.0,
    "pct3ResTime" : 327.0,
    "throughput" : 0.22316945256533288,
    "receivedKBytesPerSec" : 0.11419999330491643,
    "sentKBytesPerSec" : 0.10526449764556228
  },
  "login" : {
    "transaction" : "login",
    "sampleCount" : 10,
    "errorCount" : 0,
    "errorPct" : 0.0,
    "meanResTime" : 1166.6999999999998,
    "medianResTime" : 1081.5,
    "minResTime" : 607.0,
    "maxResTime" : 1853.0,
    "pct1ResTime" : 1842.3,
    "pct2ResTime" : 1853.0,
    "pct3ResTime" : 1853.0,
    "throughput" : 0.2160433815110074,
    "receivedKBytesPerSec" : 0.15907881802665977,
    "sentKBytesPerSec" : 0.13840279128048913
  },
  "List all the flicks feed for a user V1" : {
    "transaction" : "List all the flicks feed for a user V1",
    "sampleCount" : 10,
    "errorCount" : 0,
    "errorPct" : 0.0,
    "meanResTime" : 644.9000000000001,
    "medianResTime" : 475.5,
    "minResTime" : 173.0,
    "maxResTime" : 1684.0,
    "pct1ResTime" : 1679.7,
    "pct2ResTime" : 1684.0,
    "pct3ResTime" : 1684.0,
    "throughput" : 0.15944894444798774,
    "receivedKBytesPerSec" : 2.522220705242681,
    "sentKBytesPerSec" : 0.09669706494355507
  },
  "createStory" : {
    "transaction" : "createStory",
    "sampleCount" : 10,
    "errorCount" : 0,
    "errorPct" : 0.0,
    "meanResTime" : 991.8,
    "medianResTime" : 299.0,
    "minResTime" : 226.0,
    "maxResTime" : 4129.0,
    "pct1ResTime" : 3912.7000000000007,
    "pct2ResTime" : 4129.0,
    "pct3ResTime" : 4129.0,
    "throughput" : 0.2115014487849242,
    "receivedKBytesPerSec" : 0.6076535764894989,
    "sentKBytesPerSec" : 0.7821835806137772
  },
  "storyDetails" : {
    "transaction" : "storyDetails",
    "sampleCount" : 10,
    "errorCount" : 0,
    "errorPct" : 0.0,
    "meanResTime" : 4147.6,
    "medianResTime" : 5072.5,
    "minResTime" : 554.0,
    "maxResTime" : 9344.0,
    "pct1ResTime" : 9050.400000000001,
    "pct2ResTime" : 9344.0,
    "pct3ResTime" : 9344.0,
    "throughput" : 0.16299121477352368,
    "receivedKBytesPerSec" : 0.4608003581731945,
    "sentKBytesPerSec" : 0.10823635356054308
  },
  "Total" : {
    "transaction" : "Total",
    "sampleCount" : 180,
    "errorCount" : 0,
    "errorPct" : 0.0,
    "meanResTime" : 1681.0833333333333,
    "medianResTime" : 908.5,
    "minResTime" : 20.0,
    "maxResTime" : 10345.0,
    "pct1ResTime" : 5035.300000000002,
    "pct2ResTime" : 6187.199999999997,
    "pct3ResTime" : 9899.499999999998,
    "throughput" : 1.665741254858412,
    "receivedKBytesPerSec" : 3.8550450849065334,
    "sentKBytesPerSec" : 1.3380514875994818
  },
  "getStory" : {
    "transaction" : "getStory",
    "sampleCount" : 10,
    "errorCount" : 0,
    "errorPct" : 0.0,
    "meanResTime" : 2007.3,
    "medianResTime" : 1316.0,
    "minResTime" : 505.0,
    "maxResTime" : 5362.0,
    "pct1ResTime" : 5205.700000000001,
    "pct2ResTime" : 5362.0,
    "pct3ResTime" : 5362.0,
    "throughput" : 0.20930135208673448,
    "receivedKBytesPerSec" : 0.5917259905186487,
    "sentKBytesPerSec" : 0.13898917912009712
  },
  "List all the Explore feed for the user V2" : {
    "transaction" : "List all the Explore feed for the user V2",
    "sampleCount" : 10,
    "errorCount" : 0,
    "errorPct" : 0.0,
    "meanResTime" : 1035.5,
    "medianResTime" : 334.0,
    "minResTime" : 180.0,
    "maxResTime" : 4182.0,
    "pct1ResTime" : 4044.1000000000004,
    "pct2ResTime" : 4182.0,
    "pct3ResTime" : 4182.0,
    "throughput" : 0.15618167051914789,
    "receivedKBytesPerSec" : 0.05158265719685137,
    "sentKBytesPerSec" : 0.10066396732679452
  },
  "List All the Explore Feed for the user v1" : {
    "transaction" : "List All the Explore Feed for the user v1",
    "sampleCount" : 10,
    "errorCount" : 0,
    "errorPct" : 0.0,
    "meanResTime" : 1804.9,
    "medianResTime" : 1335.5,
    "minResTime" : 130.0,
    "maxResTime" : 4723.0,
    "pct1ResTime" : 4653.5,
    "pct2ResTime" : 4723.0,
    "pct3ResTime" : 4723.0,
    "throughput" : 0.15634038428466457,
    "receivedKBytesPerSec" : 0.04965028610290324,
    "sentKBytesPerSec" : 0.10076626330847521
  },
  "userStories" : {
    "transaction" : "userStories",
    "sampleCount" : 10,
    "errorCount" : 0,
    "errorPct" : 0.0,
    "meanResTime" : 1922.9,
    "medianResTime" : 1182.0,
    "minResTime" : 471.0,
    "maxResTime" : 6406.0,
    "pct1ResTime" : 6294.6,
    "pct2ResTime" : 6406.0,
    "pct3ResTime" : 6406.0,
    "throughput" : 0.1800309653260361,
    "receivedKBytesPerSec" : 0.7242554313091852,
    "sentKBytesPerSec" : 0.11603558312029669
  },
  "AllStoriesByAUser" : {
    "transaction" : "AllStoriesByAUser",
    "sampleCount" : 10,
    "errorCount" : 0,
    "errorPct" : 0.0,
    "meanResTime" : 2123.6000000000004,
    "medianResTime" : 1355.0,
    "minResTime" : 515.0,
    "maxResTime" : 5646.0,
    "pct1ResTime" : 5607.2,
    "pct2ResTime" : 5646.0,
    "pct3ResTime" : 5646.0,
    "throughput" : 0.1636125654450262,
    "receivedKBytesPerSec" : 0.6582050423347513,
    "sentKBytesPerSec" : 0.10545341132198953
  },
  "Get Feed on Story V2" : {
    "transaction" : "Get Feed on Story V2",
    "sampleCount" : 10,
    "errorCount" : 0,
    "errorPct" : 0.0,