{
  "GetRequestedOTP" : {
    "transaction" : "GetRequestedOTP",
    "sampleCount" : 5,
    "errorCount" : 0,
    "errorPct" : 0.0,
    "meanResTime" : 41.2,
    "medianResTime" : 11.0,
    "minResTime" : 5.0,
    "maxResTime" : 96.0,
    "pct1ResTime" : 96.0,
    "pct2ResTime" : 96.0,
    "pct3ResTime" : 96.0,
    "throughput" : 0.20826391202932357,
    "receivedKBytesPerSec" : 0.04860847165528157,
    "sentKBytesPerSec" : 0.123860080494002
  },
  "UserName" : {
    "transaction" : "UserName",
    "sampleCount" : 5,
    "errorCount" : 1,
    "errorPct" : 20.0,
    "meanResTime" : 1632.2,
    "medianResTime" : 1291.0,
    "minResTime" : 682.0,
    "maxResTime" : 3101.0,
    "pct1ResTime" : 3101.0,
    "pct2ResTime" : 3101.0,
    "pct3ResTime" : 3101.0,
    "throughput" : 0.20335949892219465,
    "receivedKBytesPerSec" : 0.12856927695530157,
    "sentKBytesPerSec" : 0.10120312563549844
  },
  "ResetOTP" : {
    "transaction" : "ResetOTP",
    "sampleCount" : 5,
    "errorCount" : 0,
    "errorPct" : 0.0,
    "meanResTime" : 790.4,
    "medianResTime" : 399.0,
    "minResTime" : 183.0,
    "maxResTime" : 1605.0,
    "pct1ResTime" : 1605.0,
    "pct2ResTime" : 1605.0,
    "pct3ResTime" : 1605.0,
    "throughput" : 0.20573591737645558,
    "receivedKBytesPerSec" : 0.04801844165329383,
    "sentKBytesPerSec" : 0.12356209881496111
  },
  "Total" : {
    "transaction" : "Total",
    "sampleCount" : 40,
    "errorCount" : 1,
    "errorPct" : 2.5,
    "meanResTime" : 668.85,
    "medianResTime" : 133.0,
    "minResTime" : 5.0,
    "maxResTime" : 5811.0,
    "pct1ResTime" : 1858.1999999999998,
    "pct2ResTime" : 3050.849999999996,
    "pct3ResTime" : 5811.0,
    "throughput" : 0.524824183898394,
    "receivedKBytesPerSec" : 0.19638623697779994,
    "sentKBytesPerSec" : 0.25495487332056266
  },
  "CreateAccount" : {
    "transaction" : "CreateAccount",
    "sampleCount" : 5,
    "errorCount" : 0,
    "errorPct" : 0.0,
    "meanResTime" : 261.0,
    "medianResTime" : 293.0,
    "minResTime" : 167.0,
    "maxResTime" : 326.0,
    "pct1ResTime" : 326.0,
    "pct2ResTime" : 326.0,
    "pct3ResTime" : 326.0,
    "throughput" : 0.24938899695745423,
    "receivedKBytesPerSec" : 0.06161661741233977,
    "sentKBytesPerSec" : 0.15976482617586912
  },
  "RegisterDevice" : {
    "transaction" : "RegisterDevice",
    "sampleCount" : 5,
    "errorCount" : 0,
    "errorPct" : 0.0,
    "meanResTime" : 21.0,
    "medianResTime" : 17.0,
    "minResTime" : 6.0,
    "maxResTime" : 38.0,
    "pct1ResTime" : 38.0,
    "pct2ResTime" : 38.0,
    "pct3ResTime" : 38.0,
    "throughput" : 0.250890661849566,
    "receivedKBytesPerSec" : 0.12250520598123339,
    "sentKBytesPerSec" : 0.11637994568217172
  },
  "Initv1" : {
    "transaction" : "Initv1",
    "sampleCount" : 5,
    "errorCount" : 0,
    "errorPct" : 0.0,
    "meanResTime" : 2520.8,
    "medianResTime" : 1698.0,
    "minResTime" : 1606.0,
    "maxResTime" : 5811.0,
    "pct1ResTime" : 5811.0,
    "pct2ResTime" : 5811.0,
    "pct3ResTime" : 5811.0,
    "throughput" : 0.19527436047646946,
    "receivedKBytesPerSec" : 0.13253484426869752,
    "sentKBytesPerSec" : 0.0
  },
  "VerifyOTP" : {
    "transaction" : "VerifyOTP",
    "sampleCount" : 5,
    "errorCount" : 0,
    "errorPct" : 0.0,
    "meanResTime" : 62.4,
    "medianResTime" : 94.0,
    "minResTime" : 11.0,
    "maxResTime" : 99.0,
    "pct1ResTime" : 99.0,
    "pct2ResTime" : 99.0,
    "pct3ResTime" : 99.0,
    "throughput" : 0.25135732957973056,
    "receivedKBytesPerSec" : 0.06210293396842952,
    "sentKBytesPerSec" : 0.14727968530062338
  },
  "CreatedAccount-GetRequestedOTP" : {
    "transaction" : "CreatedAccount-GetRequestedOTP",
    "sampleCount" : 5,
    "errorCount" : 0,
    "errorPct" : 0.0,
    "meanResTime" : 21.8,
    "medianResTime" : 6.0,
    "minResTime" : 5.0,
    "maxResTime" : 83.0,
    "pct1ResTime" : 83.0,
    "pct2ResTime" : 83.0,
    "pct3ResTime" : 83.0,
    "throughput" : 0.25244875290316066,
    "receivedKBytesPerSec" : 0.058921144476421286,
    "sentKBytesPerSec" : 0.1269639724073513
  }
}