{
  "List All the Recent Stories for the user V1" : {
    "transaction" : "List All the Recent Stories for the user V1",
    "sampleCount" : 100,
    "errorCount" : 43,
    "errorPct" : 43.0,
    "meanResTime" : 12919.029999999999,
    "medianResTime" : 1332.5,
    "minResTime" : 168.0,
    "maxResTime" : 60002.0,
    "pct1ResTime" : 46251.9,
    "pct2ResTime" : 59032.09999999997,
    "pct3ResTime" : 60002.0,
    "throughput" : 0.1582275977411428,
    "receivedKBytesPerSec" : 0.04259783607937329,
    "sentKBytesPerSec" : 0.09641994237350891
  },
  "List all the Flicks feed for a user V2" : {
    "transaction" : "List all the Flicks feed for a user V2",
    "sampleCount" : 100,
    "errorCount" : 52,
    "errorPct" : 52.0,
    "meanResTime" : 16967.690000000002,
    "medianResTime" : 3783.5,
    "minResTime" : 135.0,
    "maxResTime" : 60002.0,
    "pct1ResTime" : 54049.6,
    "pct2ResTime" : 60001.0,
    "pct3ResTime" : 60002.0,
    "throughput" : 0.15695408622115775,
    "receivedKBytesPerSec" : 0.04404370769106413,
    "sentKBytesPerSec" : 0.09518406986654193
  },
  "findPlace" : {
    "transaction" : "findPlace",
    "sampleCount" : 100,
    "errorCount" : 90,
    "errorPct" : 90.0,
    "meanResTime" : 19536.28,
    "medianResTime" : 10033.5,
    "minResTime" : 1495.0,
    "maxResTime" : 60012.0,
    "pct1ResTime" : 60001.0,
    "pct2ResTime" : 60002.0,
    "pct3ResTime" : 60011.99,
    "throughput" : 0.17471887732638186,
    "receivedKBytesPerSec" : 0.04374796889305108,
    "sentKBytesPerSec" : 0.1081755549071544
  },
  "Get Feed on Story V1" : {
    "transaction" : "Get Feed on Story V1",
    "sampleCount" : 100,
    "errorCount" : 57,
    "errorPct" : 57.0,
    "meanResTime" : 16470.280000000002,
    "medianResTime" : 4659.0,
    "minResTime" : 134.0,
    "maxResTime" : 60002.0,
    "pct1ResTime" : 53124.4,
    "pct2ResTime" : 60002.0,
    "pct3ResTime" : 60002.0,
    "throughput" : 0.15957234611241872,
    "receivedKBytesPerSec" : 0.04328867385407109,
    "sentKBytesPerSec" : 0.10387162404755257
  },
  "List all the Recent Stories for User V2" : {
    "transaction" : "List all the Recent Stories for User V2",
    "sampleCount" : 100,
    "errorCount" : 59,
    "errorPct" : 59.0,
    "meanResTime" : 16827.369999999995,
    "medianResTime" : 3719.5,
    "minResTime" : 157.0,
    "maxResTime" : 60011.0,
    "pct1ResTime" : 59847.80000000001,
    "pct2ResTime" : 60002.0,
    "pct3ResTime" : 60010.97,
    "throughput" : 0.15827092183315714,
    "receivedKBytesPerSec" : 0.04276715241331502,
    "sentKBytesPerSec" : 0.09644634299208013
  },
  "RegisterDevice" : {
    "transaction" : "RegisterDevice",
    "sampleCount" : 100,
    "errorCount" : 0,
    "errorPct" : 0.0,
    "meanResTime" : 43.69,
    "medianResTime" : 19.0,
    "minResTime" : 13.0,
    "maxResTime" : 714.0,
    "pct1ResTime" : 55.80000000000007,
    "pct2ResTime" : 100.54999999999967,
    "pct3ResTime" : 713.99,
    "throughput" : 0.20212187544845792,
    "receivedKBytesPerSec" : 0.10342955345214058,
    "sentKBytesPerSec" : 0.09533678304844255
  },
  "login" : {
    "transaction" : "login",
    "sampleCount" : 100,
    "errorCount" : 8,
    "errorPct" : 8.0,
    "meanResTime" : 1177.7,
    "medianResTime" : 983.5,
    "minResTime" : 456.0,
    "maxResTime" : 4927.0,
    "pct1ResTime" : 1872.1000000000001,
    "pct2ResTime" : 2377.7999999999997,
    "pct3ResTime" : 4906.77999999999,
    "throughput" : 0.20170521589517784,
    "receivedKBytesPerSec" : 0.14852122342281648,
    "sentKBytesPerSec" : 0.12921740393284828
  },
  "List all the flicks feed for a user V1" : {
    "transaction" : "List all the flicks feed for a user V1",
    "sampleCount" : 100,
    "errorCount" : 28,
    "errorPct" : 28.0,
    "meanResTime" : 6413.95,
    "medianResTime" : 318.5,
    "minResTime" : 118.0,
    "maxResTime" : 58142.0,
    "pct1ResTime" : 20926.700000000015,
    "pct2ResTime" : 53138.39999999997,
    "pct3ResTime" : 58131.579999999994,
    "throughput" : 0.15722405213549567,
    "receivedKBytesPerSec" : 0.04206971707531818,
    "sentKBytesPerSec" : 0.09534778942982698
  },
  "createStory" : {
    "transaction" : "createStory",
    "sampleCount" : 100,
    "errorCount" : 17,
    "errorPct" : 17.0,
    "meanResTime" : 6491.54,
    "medianResTime" : 256.0,
    "minResTime" : 132.0,
    "maxResTime" : 60013.0,
    "pct1ResTime" : 34110.00000000001,
    "pct2ResTime" : 52628.19999999995,
    "pct3ResTime" : 60012.98,
    "throughput" : 0.18361460029855733,
    "receivedKBytesPerSec" : 0.5534545709936671,
    "sentKBytesPerSec" : 0.6790512610650749
  },
  "storyDetails" : {
    "transaction" : "storyDetails",
    "sampleCount" : 100,
    "errorCount" : 66,
    "errorPct" : 66.0,
    "meanResTime" : 23015.170000000006,
    "medianResTime" : 17804.5,
    "minResTime" : 123.0,
    "maxResTime" : 60012.0,
    "pct1ResTime" : 60001.9,
    "pct2ResTime" : 60002.0,
    "pct3ResTime" : 60011.93,
    "throughput" : 0.1616164228144207,
    "receivedKBytesPerSec" : 0.47418005928090384,
    "sentKBytesPerSec" : 0.10686885958603569
  },
  "Total" : {
    "transaction" : "Total",
    "sampleCount" : 1800,
    "errorCount" : 795,
    "errorPct" : 44.166668,
    "meanResTime" : 12531.867222222212,
    "medianResTime" : 1188.5,
    "minResTime" : 3.0,
    "maxResTime" : 60013.0,
    "pct1ResTime" : 51882.00000000003,
    "pct2ResTime" : 60001.0,
    "pct3ResTime" : 60011.0,
    "throughput" : 2.743191550970023,
    "receivedKBytesPerSec" : 2.9830064998399806,
    "sentKBytesPerSec" : 2.2123530297026686
  },
  "getStory" : {
    "transaction" : "getStory",
    "sampleCount" : 100,
    "errorCount" : 69,
    "errorPct" : 69.0,
    "meanResTime" : 20364.990000000005,
    "medianResTime" : 11940.5,
    "minResTime" : 387.0,
    "maxResTime" : 60011.0,
    "pct1ResTime" : 60002.0,
    "pct2ResTime" : 60002.0,
    "pct3ResTime" : 60010.92,
    "throughput" : 0.17498057715593568,
    "receivedKBytesPerSec" : 0.5305311989275441,
    "sentKBytesPerSec" : 0.11570590664436248
  },
  "List all the Explore feed for the user V2" : {
    "transaction" : "List all the Explore feed for the user V2",
    "sampleCount" : 100,
    "errorCount" : 45,
    "errorPct" : 45.0,
    "meanResTime" : 13337.900000000007,
    "medianResTime" : 937.5,
    "minResTime" : 126.0,
    "maxResTime" : 60002.0,
    "pct1ResTime" : 52171.80000000001,
    "pct2ResTime" : 59948.95,
    "pct3ResTime" : 60002.0,
    "throughput" : 0.15797987968252364,
    "receivedKBytesPerSec" : 0.04283352909673424,
    "sentKBytesPerSec" : 0.10159463903177292
  },
  "List All the Explore Feed for the user v1" : {
    "transaction" : "List All the Explore Feed for the user v1",
    "sampleCount" : 100,
    "errorCount" : 59,
    "errorPct" : 59.0,
    "meanResTime" : 16832.62,
    "medianResTime" : 4226.5,
    "minResTime" : 119.0,
    "maxResTime" : 60011.0,
    "pct1ResTime" : 57736.5,
    "pct2ResTime" : 60001.95,
    "pct3ResTime" : 60010.92,
    "throughput" : 0.15733264526523139,
    "receivedKBytesPerSec" : 0.041004820672250926,
    "sentKBytesPerSec" : 0.10117841167974626
  },
  "userStories" : {
    "transaction" : "userStories",
    "sampleCount" : 100,
    "errorCount" : 24,
    "errorPct" : 24.0,
    "meanResTime" : 8266.830000000002,
    "medianResTime" : 383.5,
    "minResTime" : 121.0,
    "maxResTime" : 60012.0,
    "pct1ResTime" : 40162.500000000015,
    "pct2ResTime" : 58766.149999999936,
    "pct3ResTime" : 60011.99,
    "throughput" : 0.1643047853768741,
    "receivedKBytesPerSec" : 0.040691107003491475,
    "sentKBytesPerSec" : 0.1119262168823167
  },
  "AllStoriesByAUser" : {
    "transaction" : "AllStoriesByAUser",
    "sampleCount" : 100,
    "errorCount" : 43,
    "errorPct" : 43.0,
    "meanResTime" : 13671.390000000003,
    "medianResTime" : 1167.5,
    "minResTime" : 123.0,
    "maxResTime" : 60013.0,
    "pct1ResTime" : 56078.0,
    "pct2ResTime" : 60002.0,
    "pct3ResTime" : 60012.99,
    "throughput" : 0.16113880012826648,