{
  "GetRequestedOTP" : {
    "transaction" : "GetRequestedOTP",
    "sampleCount" : 30,
    "errorCount" : 1,
    "errorPct" : 3.3333333,
    "meanResTime" : 3144.0333333333333,
    "medianResTime" : 3592.5,
    "minResTime" : 5.0,
    "maxResTime" : 6548.0,
    "pct1ResTime" : 6492.400000000001,
    "pct2ResTime" : 6545.25,
    "pct3ResTime" : 6548.0,
    "throughput" : 2.3657440264963334,
    "receivedKBytesPerSec" : 0.6086862234839524,
    "sentKBytesPerSec" : 1.4254531878400758
  },
  "UserName" : {
    "transaction" : "UserName",
    "sampleCount" : 30,
    "errorCount" : 2,
    "errorPct" : 6.6666665,
    "meanResTime" : 2833.4,
    "medianResTime" : 3205.5,
    "minResTime" : 39.0,
    "maxResTime" : 4397.0,
    "pct1ResTime" : 3894.3,
    "pct2ResTime" : 4295.8,
    "pct3ResTime" : 4397.0,
    "throughput" : 1.890240060487682,
    "receivedKBytesPerSec" : 0.5787629560204146,
    "sentKBytesPerSec" : 1.1906297256001512
  },
  "ResetOTP" : {
    "transaction" : "ResetOTP",
    "sampleCount" : 30,
    "errorCount" : 9,
    "errorPct" : 30.0,
    "meanResTime" : 471.50000000000006,
    "medianResTime" : 76.0,
    "minResTime" : 17.0,
    "maxResTime" : 4383.0,
    "pct1ResTime" : 1462.1000000000001,
    "pct2ResTime" : 2901.2999999999984,
    "pct3ResTime" : 4383.0,
    "throughput" : 2.34815278647464,
    "receivedKBytesPerSec" : 0.6127211177207263,
    "sentKBytesPerSec" : 1.428612486302442
  },
  "Total" : {
    "transaction" : "Total",
    "sampleCount" : 240,
    "errorCount" : 12,
    "errorPct" : 5.0,
    "meanResTime" : 2226.054166666666,
    "medianResTime" : 2132.5,
    "minResTime" : 5.0,
    "maxResTime" : 7250.0,
    "pct1ResTime" : 5508.7,
    "pct2ResTime" : 5887.95,
    "pct3ResTime" : 7063.4400000000005,
    "throughput" : 3.338062254861053,
    "receivedKBytesPerSec" : 1.1833984863973963,
    "sentKBytesPerSec" : 1.6963321737044146
  },
  "CreateAccount" : {
    "transaction" : "CreateAccount",
    "sampleCount" : 30,
    "errorCount" : 0,
    "errorPct" : 0.0,
    "meanResTime" : 2914.633333333333,
    "medianResTime" : 3059.5,
    "minResTime" : 2097.0,
    "maxResTime" : 3319.0,
    "pct1ResTime" : 3228.4,
    "pct2ResTime" : 3318.45,
    "pct3ResTime" : 3319.0,
    "throughput" : 3.3928975344944585,
    "receivedKBytesPerSec" : 0.9178052900927391,
    "sentKBytesPerSec" : 2.20008199502375
  },
  "RegisterDevice" : {
    "transaction" : "RegisterDevice",
    "sampleCount" : 30,
    "errorCount" : 0,
    "errorPct" : 0.0,
    "meanResTime" : 1673.7000000000003,
    "medianResTime" : 953.5,
    "minResTime" : 308.0,
    "maxResTime" : 7250.0,
    "pct1ResTime" : 7043.900000000001,
    "pct2ResTime" : 7151.0,
    "pct3ResTime" : 7250.0,
    "throughput" : 3.997335109926716,
    "receivedKBytesPerSec" : 2.0455113257828117,
    "sentKBytesPerSec" : 1.8854617754830114
  },
  "Initv1" : {
    "transaction" : "Initv1",
    "sampleCount" : 30,
    "errorCount" : 0,
    "errorPct" : 0.0,
    "meanResTime" : 3584.366666666667,
    "medianResTime" : 2991.5,
    "minResTime" : 1075.0,
    "maxResTime" : 6168.0,
    "pct1ResTime" : 5854.400000000001,
    "pct2ResTime" : 6128.95,
    "pct3ResTime" : 6168.0,
    "throughput" : 1.9773266543633008,
    "receivedKBytesPerSec" : 1.3883768207882943,
    "sentKBytesPerSec" : 0.0
  },
  "VerifyOTP" : {
    "transaction" : "VerifyOTP",
    "sampleCount" : 30,
    "errorCount" : 0,
    "errorPct" : 0.0,
    "meanResTime" : 1153.133333333333,
    "medianResTime" : 87.5,
    "minResTime" : 10.0,
    "maxResTime" : 3506.0,
    "pct1ResTime" : 3482.6000000000004,
    "pct2ResTime" : 3498.85,
    "pct3ResTime" : 3506.0,
    "throughput" : 3.113001971567915,
    "receivedKBytesPerSec" : 0.8420913536370239,
    "sentKBytesPerSec" : 1.8483449206184497
  },
  "CreatedAccount-GetRequestedOTP" : {
    "transaction" : "CreatedAccount-GetRequestedOTP",
    "sampleCount" : 30,
    "errorCount" : 0,
    "errorPct" : 0.0,
    "meanResTime" : 2033.6666666666667,
    "medianResTime" : 45.0,
    "minResTime" : 6.0,
    "maxResTime" : 5882.0,
    "pct1ResTime" : 5815.9,
    "pct2ResTime" : 5880.35,
    "pct3ResTime" : 5882.0,
    "throughput" : 3.878474466709761,
    "receivedKBytesPerSec" : 0.9961316257272139,
    "sentKBytesPerSec" : 1.9809005332902392
  }
}