{
  "Total" : {
    "transaction" : "Total",
    "sampleCount" : 3,
    "errorCount" : 3,
    "errorPct" : 100.0,
    "meanResTime" : 130766.66666666667,
    "medianResTime" : 131017.0,
    "minResTime" : 130213.0,
    "maxResTime" : 131070.0,
    "pct1ResTime" : 131070.0,
    "pct2ResTime" : 131070.0,
    "pct3ResTime" : 131070.0,
    "throughput" : 0.007646156277239431,
    "receivedKBytesPerSec" : 0.02131814079249861,
    "sentKBytesPerSec" : 0.0
  },
  "CreateAccount" : {
    "transaction" : "CreateAccount",
    "sampleCount" : 1,
    "errorCount" : 1,
    "errorPct" : 100.0,
    "meanResTime" : 131017.0,
    "medianResTime" : 131017.0,
    "minResTime" : 131017.0,
    "maxResTime" : 131017.0,
    "pct1ResTime" : 131017.0,
    "pct2ResTime" : 131017.0,
    "pct3ResTime" : 131017.0,
    "throughput" : 0.007632597296534038,
    "receivedKBytesPerSec" : 0.021280337189067067,
    "sentKBytesPerSec" : 0.0
  },
  "RegisterDevice" : {
    "transaction" : "RegisterDevice",
    "sampleCount" : 1,
    "errorCount" : 1,
    "errorPct" : 100.0,
    "meanResTime" : 130213.0,
    "medianResTime" : 130213.0,
    "minResTime" : 130213.0,
    "maxResTime" : 130213.0,
    "pct1ResTime" : 130213.0,
    "pct2ResTime" : 130213.0,
    "pct3ResTime" : 130213.0,
    "throughput" : 0.007679724758664649,
    "receivedKBytesPerSec" : 0.021411732603503493,
    "sentKBytesPerSec" : 0.0
  },
  "CreatedAccount-GetRequestedOTP" : {
    "transaction" : "CreatedAccount-GetRequestedOTP",
    "sampleCount" : 1,
    "errorCount" : 1,
    "errorPct" : 100.0,
    "meanResTime" : 131070.0,
    "medianResTime" : 131070.0,
    "minResTime" : 131070.0,
    "maxResTime" : 131070.0,
    "pct1ResTime" : 131070.0,
    "pct2ResTime" : 131070.0,
    "pct3ResTime" : 131070.0,
    "throughput" : 0.007629510948348211,
    "receivedKBytesPerSec" : 0.021271732185091936,
    "sentKBytesPerSec" : 0.0
  }
}