{
  "GetRequestedOTP" : {
    "transaction" : "GetRequestedOTP",
    "sampleCount" : 30,
    "errorCount" : 1,
    "errorPct" : 3.3333333,
    "meanResTime" : 7190.800000000001,
    "medianResTime" : 84.0,
    "minResTime" : 5.0,
    "maxResTime" : 54814.0,
    "pct1ResTime" : 49769.90000000001,
    "pct2ResTime" : 53263.0,
    "pct3ResTime" : 54814.0,
    "throughput" : 0.10941158449856671,
    "receivedKBytesPerSec" : 0.02570032531711124,
    "sentKBytesPerSec" : 0.0638269858658468
  },
  "UserName" : {
    "transaction" : "UserName",
    "sampleCount" : 30,
    "errorCount" : 8,
    "errorPct" : 26.666666,
    "meanResTime" : 9402.999999999998,
    "medianResTime" : 1539.5,
    "minResTime" : 3.0,
    "maxResTime" : 57002.0,
    "pct1ResTime" : 48168.80000000001,
    "pct2ResTime" : 52441.399999999994,
    "pct3ResTime" : 57002.0,
    "throughput" : 0.11260289089155216,
    "receivedKBytesPerSec" : 0.07767840051346918,
    "sentKBytesPerSec" : 0.05242339015400322
  },
  "ResetOTP" : {
    "transaction" : "ResetOTP",
    "sampleCount" : 30,
    "errorCount" : 1,
    "errorPct" : 3.3333333,
    "meanResTime" : 25601.899999999994,
    "medianResTime" : 24444.0,
    "minResTime" : 71.0,
    "maxResTime" : 62711.0,
    "pct1ResTime" : 56426.3,
    "pct2ResTime" : 61992.7,
    "pct3ResTime" : 62711.0,
    "throughput" : 0.1060842875025637,
    "receivedKBytesPerSec" : 0.02491875711648762,
    "sentKBytesPerSec" : 0.06250754192981464
  },
  "Total" : {
    "transaction" : "Total",
    "sampleCount" : 240,
    "errorCount" : 13,
    "errorPct" : 5.4166665,
    "meanResTime" : 15707.9125,
    "medianResTime" : 1793.0,
    "minResTime" : 3.0,
    "maxResTime" : 63398.0,
    "pct1ResTime" : 53502.8,
    "pct2ResTime" : 60350.899999999965,
    "pct3ResTime" : 63018.23,
    "throughput" : 0.71649490691537,
    "receivedKBytesPerSec" : 0.2778808412993635,
    "sentKBytesPerSec" : 0.34140795727302037
  },
  "CreateAccount" : {
    "transaction" : "CreateAccount",
    "sampleCount" : 30,
    "errorCount" : 1,
    "errorPct" : 3.3333333,
    "meanResTime" : 35669.600000000006,
    "medianResTime" : 39308.5,
    "minResTime" : 149.0,
    "maxResTime" : 63398.0,
    "pct1ResTime" : 62761.8,
    "pct2ResTime" : 63233.55,
    "pct3ResTime" : 63398.0,
    "throughput" : 0.14834961058227222,
    "receivedKBytesPerSec" : 0.03689423909012239,
    "sentKBytesPerSec" : 0.09503646927926815
  },
  "RegisterDevice" : {
    "transaction" : "RegisterDevice",
    "sampleCount" : 30,
    "errorCount" : 0,
    "errorPct" : 0.0,
    "meanResTime" : 20.76666666666667,
    "medianResTime" : 22.0,
    "minResTime" : 5.0,
    "maxResTime" : 41.0,
    "pct1ResTime" : 31.400000000000013,
    "pct2ResTime" : 36.599999999999994,
    "pct3ResTime" : 41.0,
    "throughput" : 0.20702505003105376,
    "receivedKBytesPerSec" : 0.10108645021047546,
    "sentKBytesPerSec" : 0.0960321276999517
  },
  "Initv1" : {
    "transaction" : "Initv1",
    "sampleCount" : 30,
    "errorCount" : 1,
    "errorPct" : 3.3333333,
    "meanResTime" : 13388.966666666665,
    "medianResTime" : 2046.5,
    "minResTime" : 1211.0,
    "maxResTime" : 60796.0,
    "pct1ResTime" : 41745.40000000001,
    "pct2ResTime" : 56224.399999999994,
    "pct3ResTime" : 60796.0,
    "throughput" : 0.10862087693254643,
    "receivedKBytesPerSec" : 0.07239270294000506,
    "sentKBytesPerSec" : 0.0
  },
  "VerifyOTP" : {
    "transaction" : "VerifyOTP",
    "sampleCount" : 30,
    "errorCount" : 1,
    "errorPct" : 3.3333333,
    "meanResTime" : 31977.233333333337,
    "medianResTime" : 44259.0,
    "minResTime" : 33.0,
    "maxResTime" : 62002.0,
    "pct1ResTime" : 57026.1,
    "pct2ResTime" : 59473.1,
    "pct3ResTime" : 62002.0,
    "throughput" : 0.12181603342631958,
    "receivedKBytesPerSec" : 0.03729822950546751,
    "sentKBytesPerSec" : 0.06899736268287632
  },
  "CreatedAccount-GetRequestedOTP" : {
    "transaction" : "CreatedAccount-GetRequestedOTP",
    "sampleCount" : 30,
    "errorCount" : 0,
    "errorPct" : 0.0,
    "meanResTime" : 2411.033333333333,
    "medianResTime" : 80.5,
    "minResTime" : 4.0,
    "maxResTime" : 13090.0,
    "pct1ResTime" : 7556.800000000001,
    "pct2ResTime" : 10397.199999999997,
    "pct3ResTime" : 13090.0,
    "throughput" : 0.14846193436003008,
    "receivedKBytesPerSec" : 0.034650783507858586,
    "sentKBytesPerSec" : 0.07466591425333545
  }
}