{
  "List All the Recent Stories for the user V1" : {
    "transaction" : "List All the Recent Stories for the user V1",
    "sampleCount" : 100,
    "errorCount" : 39,
    "errorPct" : 39.0,
    "meanResTime" : 6784.5999999999985,
    "medianResTime" : 909.0,
    "minResTime" : 139.0,
    "maxResTime" : 43468.0,
    "pct1ResTime" : 26767.60000000002,
    "pct2ResTime" : 29058.299999999996,
    "pct3ResTime" : 43416.879999999976,
    "throughput" : 0.16758053920714297,
    "receivedKBytesPerSec" : 0.045004539337855774,
    "sentKBytesPerSec" : 0.10211939107935275
  },
  "List all the Flicks feed for a user V2" : {
    "transaction" : "List all the Flicks feed for a user V2",
    "sampleCount" : 100,
    "errorCount" : 24,
    "errorPct" : 24.0,
    "meanResTime" : 3794.0,
    "medianResTime" : 371.0,
    "minResTime" : 122.0,
    "maxResTime" : 45229.0,
    "pct1ResTime" : 14465.800000000003,
    "pct2ResTime" : 23293.24999999997,
    "pct3ResTime" : 45087.919999999925,
    "throughput" : 0.16730969358902714,
    "receivedKBytesPerSec" : 0.04689246294926836,
    "sentKBytesPerSec" : 0.10146417941287683
  },
  "findPlace" : {
    "transaction" : "findPlace",
    "sampleCount" : 100,
    "errorCount" : 75,
    "errorPct" : 75.0,
    "meanResTime" : 12025.630000000003,
    "medianResTime" : 3848.0,
    "minResTime" : 1400.0,
    "maxResTime" : 55012.0,
    "pct1ResTime" : 32099.000000000004,
    "pct2ResTime" : 44066.39999999997,
    "pct3ResTime" : 55011.03,
    "throughput" : 0.17292960035969357,
    "receivedKBytesPerSec" : 0.04255689383851834,
    "sentKBytesPerSec" : 0.1070677408477009
  },
  "Get Feed on Story V1" : {
    "transaction" : "Get Feed on Story V1",
    "sampleCount" : 100,
    "errorCount" : 39,
    "errorPct" : 39.0,
    "meanResTime" : 9126.070000000002,
    "medianResTime" : 832.5,
    "minResTime" : 129.0,
    "maxResTime" : 50919.0,
    "pct1ResTime" : 29138.900000000005,
    "pct2ResTime" : 47029.14999999995,
    "pct3ResTime" : 50909.17,
    "throughput" : 0.16759205412552983,
    "receivedKBytesPerSec" : 0.04500763172316474,
    "sentKBytesPerSec" : 0.10932762905845107
  },
  "List all the Recent Stories for User V2" : {
    "transaction" : "List all the Recent Stories for User V2",
    "sampleCount" : 100,
    "errorCount" : 37,
    "errorPct" : 37.0,
    "meanResTime" : 7507.680000000004,
    "medianResTime" : 747.0,
    "minResTime" : 143.0,
    "maxResTime" : 53039.0,
    "pct1ResTime" : 27655.500000000004,
    "pct2ResTime" : 35607.19999999999,
    "pct3ResTime" : 53027.95999999999,
    "throughput" : 0.16764571765778816,
    "receivedKBytesPerSec" : 0.04502204331630053,
    "sentKBytesPerSec" : 0.10215910919771466
  },
  "RegisterDevice" : {
    "transaction" : "RegisterDevice",
    "sampleCount" : 100,
    "errorCount" : 0,
    "errorPct" : 0.0,
    "meanResTime" : 67.99000000000002,
    "medianResTime" : 21.5,
    "minResTime" : 13.0,
    "maxResTime" : 670.0,
    "pct1ResTime" : 229.4000000000009,
    "pct2ResTime" : 429.9,
    "pct3ResTime" : 669.4799999999998,
    "throughput" : 0.20213903527124027,
    "receivedKBytesPerSec" : 0.10343833445520498,
    "sentKBytesPerSec" : 0.09534487698829008
  },
  "login" : {
    "transaction" : "login",
    "sampleCount" : 100,
    "errorCount" : 6,
    "errorPct" : 6.0,
    "meanResTime" : 1119.45,
    "medianResTime" : 924.5,
    "minResTime" : 460.0,
    "maxResTime" : 4937.0,
    "pct1ResTime" : 1805.6000000000001,
    "pct2ResTime" : 2373.8999999999955,
    "pct3ResTime" : 4921.909999999993,
    "throughput" : 0.20215252003331474,
    "receivedKBytesPerSec" : 0.14885058604015558,
    "sentKBytesPerSec" : 0.12950395814634225
  },
  "List all the flicks feed for a user V1" : {
    "transaction" : "List all the flicks feed for a user V1",
    "sampleCount" : 100,
    "errorCount" : 33,
    "errorPct" : 33.0,
    "meanResTime" : 6989.100000000001,
    "medianResTime" : 390.5,
    "minResTime" : 121.0,
    "maxResTime" : 56118.0,
    "pct1ResTime" : 29503.000000000015,
    "pct2ResTime" : 41548.2499999999,
    "pct3ResTime" : 56087.039999999986,
    "throughput" : 0.1672551259514726,
    "receivedKBytesPerSec" : 0.04475381299873388,
    "sentKBytesPerSec" : 0.10143108712486766
  },
  "createStory" : {
    "transaction" : "createStory",
    "sampleCount" : 100,
    "errorCount" : 26,
    "errorPct" : 26.0,
    "meanResTime" : 4266.78,
    "medianResTime" : 315.5,
    "minResTime" : 130.0,
    "maxResTime" : 53681.0,
    "pct1ResTime" : 16012.900000000005,
    "pct2ResTime" : 26539.09999999997,
    "pct3ResTime" : 53526.88999999992,
    "throughput" : 0.18403869229466802,
    "receivedKBytesPerSec" : 0.5756600892771696,
    "sentKBytesPerSec" : 0.6806196559764724
  },
  "storyDetails" : {
    "transaction" : "storyDetails",
    "sampleCount" : 100,
    "errorCount" : 29,
    "errorPct" : 29.0,
    "meanResTime" : 6563.749999999999,
    "medianResTime" : 928.0,
    "minResTime" : 335.0,
    "maxResTime" : 56747.0,
    "pct1ResTime" : 28426.60000000001,
    "pct2ResTime" : 35891.34999999998,
    "pct3ResTime" : 56640.839999999946,
    "throughput" : 0.17313678845108366,
    "receivedKBytesPerSec" : 0.6154471776972115,
    "sentKBytesPerSec" : 0.11497364858079775
  },
  "Total" : {
    "transaction" : "Total",
    "sampleCount" : 1800,
    "errorCount" : 607,
    "errorPct" : 33.72222,
    "meanResTime" : 6642.1749999999865,
    "medianResTime" : 806.0,
    "minResTime" : 13.0,
    "maxResTime" : 56747.0,
    "pct1ResTime" : 25182.60000000001,
    "pct2ResTime" : 32738.549999999996,
    "pct3ResTime" : 53550.600000000006,
    "throughput" : 2.9217980745350687,
    "receivedKBytesPerSec" : 3.49468100863716,
    "sentKBytesPerSec" : 2.359377308017576
  },
  "getStory" : {
    "transaction" : "getStory",
    "sampleCount" : 100,
    "errorCount" : 29,
    "errorPct" : 29.0,
    "meanResTime" : 5950.930000000002,
    "medianResTime" : 959.0,
    "minResTime" : 363.0,
    "maxResTime" : 54378.0,
    "pct1ResTime" : 20488.000000000007,
    "pct2ResTime" : 33650.799999999945,
    "pct3ResTime" : 54308.83999999997,
    "throughput" : 0.18393984431331578,
    "receivedKBytesPerSec" : 0.6538486653324898,
    "sentKBytesPerSec" : 0.12214755286431127
  },
  "List all the Explore feed for the user V2" : {
    "transaction" : "List all the Explore feed for the user V2",
    "sampleCount" : 100,
    "errorCount" : 42,
    "errorPct" : 42.0,
    "meanResTime" : 9684.8,
    "medianResTime" : 1179.0,
    "minResTime" : 148.0,
    "maxResTime" : 56175.0,
    "pct1ResTime" : 32563.90000000001,
    "pct2ResTime" : 45940.75,
    "pct3ResTime" : 56160.35999999999,
    "throughput" : 0.16685549146450734,
    "receivedKBytesPerSec" : 0.04480982436790968,
    "sentKBytesPerSec" : 0.10754357848298324
  },
  "List All the Explore Feed for the user v1" : {
    "transaction" : "List All the Explore Feed for the user v1",
    "sampleCount" : 100,
    "errorCount" : 43,
    "errorPct" : 43.0,
    "meanResTime" : 8265.449999999997,
    "medianResTime" : 949.0,
    "minResTime" : 111.0,
    "maxResTime" : 55703.0,
    "pct1ResTime" : 29057.600000000006,
    "pct2ResTime" : 35449.849999999984,
    "pct3ResTime" : 55701.79,
    "throughput" : 0.1662297594489151,
    "receivedKBytesPerSec" : 0.04253144235899976,
    "sentKBytesPerSec" : 0.10714027464480856
  },
  "userStories" : {
    "transaction" : "userStories",
    "sampleCount" : 100,
    "errorCount" : 23,
    "errorPct" : 23.0,
    "meanResTime" : 4945.85,
    "medianResTime" : 335.0,
    "minResTime" : 114.0,
    "maxResTime" : 55723.0,
    "pct1ResTime" : 17510.40000000001,
    "pct2ResTime" : 37944.5499999999,
    "pct3ResTime" : 55688.43999999998,
    "throughput" : 0.17327298812733485,
    "receivedKBytesPerSec" : 0.04264139942196131,
    "sentKBytesPerSec" : 0.1182791198252022
  },
  "AllStoriesByAUser" : {
    "transaction" : "AllStoriesByAUser",
    "sampleCount" : 100,
    "errorCount" : 51,
    "errorPct" : 51.0,
    "meanResTime" : 10736.600000000002,