{
  "GetRequestedOTP" : {
    "transaction" : "GetRequestedOTP",
    "sampleCount" : 50,
    "errorCount" : 50,
    "errorPct" : 100.0,
    "meanResTime" : 14856.059999999996,
    "medianResTime" : 3920.5,
    "minResTime" : 26.0,
    "maxResTime" : 58688.0,
    "pct1ResTime" : 40890.9,
    "pct2ResTime" : 55999.75,
    "pct3ResTime" : 58688.0,
    "throughput" : 0.15949726462191174,
    "receivedKBytesPerSec" : 0.12632681787007352,
    "sentKBytesPerSec" : 0.04174342472526596
  },
  "UserName" : {
    "transaction" : "UserName",
    "sampleCount" : 50,
    "errorCount" : 50,
    "errorPct" : 100.0,
    "meanResTime" : 11915.379999999997,
    "medianResTime" : 102.0,
    "minResTime" : 19.0,
    "maxResTime" : 60026.0,
    "pct1ResTime" : 51070.69999999998,
    "pct2ResTime" : 58279.49999999999,
    "pct3ResTime" : 60026.0,
    "throughput" : 0.16391292945187516,
    "receivedKBytesPerSec" : 0.13109512789306318,
    "sentKBytesPerSec" : 0.04738108116968266
  },
  "ResetOTP" : {
    "transaction" : "ResetOTP",
    "sampleCount" : 50,
    "errorCount" : 50,
    "errorPct" : 100.0,
    "meanResTime" : 9861.040000000003,
    "medianResTime" : 104.0,
    "minResTime" : 18.0,
    "maxResTime" : 60046.0,
    "pct1ResTime" : 43850.29999999999,
    "pct2ResTime" : 54026.99999999999,
    "pct3ResTime" : 60046.0,
    "throughput" : 0.16101348326908893,
    "receivedKBytesPerSec" : 0.1286000853773995,
    "sentKBytesPerSec" : 0.04308368595286169
  },
  "Total" : {
    "transaction" : "Total",
    "sampleCount" : 400,
    "errorCount" : 218,
    "errorPct" : 54.5,
    "meanResTime" : 11096.307500000003,
    "medianResTime" : 113.5,
    "minResTime" : 7.0,
    "maxResTime" : 60085.0,
    "pct1ResTime" : 44231.700000000055,
    "pct2ResTime" : 55685.95,
    "pct3ResTime" : 60039.89,
    "throughput" : 1.079636702249693,
    "receivedKBytesPerSec" : 0.9511715323418669,
    "sentKBytesPerSec" : 0.4065665106816556
  },
  "CreateAccount" : {
    "transaction" : "CreateAccount",
    "sampleCount" : 50,
    "errorCount" : 5,
    "errorPct" : 10.0,
    "meanResTime" : 12359.54,
    "medianResTime" : 503.5,
    "minResTime" : 96.0,
    "maxResTime" : 59706.0,
    "pct1ResTime" : 49142.899999999994,
    "pct2ResTime" : 55419.19999999998,
    "pct3ResTime" : 59706.0,
    "throughput" : 0.1608813725111652,
    "receivedKBytesPerSec" : 0.12409546962077042,
    "sentKBytesPerSec" : 0.10271898569121073
  },
  "RegisterDevice" : {
    "transaction" : "RegisterDevice",
    "sampleCount" : 50,
    "errorCount" : 2,
    "errorPct" : 4.0,
    "meanResTime" : 9150.54,
    "medianResTime" : 97.0,
    "minResTime" : 47.0,
    "maxResTime" : 60085.0,
    "pct1ResTime" : 35224.6,
    "pct2ResTime" : 59903.6,
    "pct3ResTime" : 60085.0,
    "throughput" : 0.1726191503685419,
    "receivedKBytesPerSec" : 0.17404190977197012,
    "sentKBytesPerSec" : 0.08142094690234936
  },
  "Initv1" : {
    "transaction" : "Initv1",
    "sampleCount" : 50,
    "errorCount" : 50,
    "errorPct" : 100.0,
    "meanResTime" : 11.84,
    "medianResTime" : 11.0,
    "minResTime" : 7.0,
    "maxResTime" : 33.0,
    "pct1ResTime" : 15.899999999999999,
    "pct2ResTime" : 24.499999999999957,
    "pct3ResTime" : 33.0,
    "throughput" : 0.15952627078627307,
    "receivedKBytesPerSec" : 0.21374027687379557,
    "sentKBytesPerSec" : 0.0
  },
  "VerifyOTP" : {
    "transaction" : "VerifyOTP",
    "sampleCount" : 50,
    "errorCount" : 7,
    "errorPct" : 14.0,
    "meanResTime" : 15684.98,
    "medianResTime" : 669.0,
    "minResTime" : 63.0,
    "maxResTime" : 60050.0,
    "pct1ResTime" : 52148.299999999996,
    "pct2ResTime" : 57136.14999999999,
    "pct3ResTime" : 60050.0,
    "throughput" : 0.15947081205726915,
    "receivedKBytesPerSec" : 0.12333136220765015,
    "sentKBytesPerSec" : 0.09302256392387502
  },
  "CreatedAccount-GetRequestedOTP" : {
    "transaction" : "CreatedAccount-GetRequestedOTP",
    "sampleCount" : 50,
    "errorCount" : 4,
    "errorPct" : 8.0,
    "meanResTime" : 14931.079999999996,
    "medianResTime" : 204.0,
    "minResTime" : 22.0,
    "maxResTime" : 60029.0,
    "pct1ResTime" : 57826.1,
    "pct2ResTime" : 59957.85,
    "pct3ResTime" : 60029.0,
    "throughput" : 0.16095284081764044,
    "receivedKBytesPerSec" : 0.1230911999034283,
    "sentKBytesPerSec" : 0.080602164815709
  }
}