{
  "GetRequestedOTP" : {
    "transaction" : "GetRequestedOTP",
    "sampleCount" : 50,
    "errorCount" : 7,
    "errorPct" : 14.0,
    "meanResTime" : 8164.119999999999,
    "medianResTime" : 11710.0,
    "minResTime" : 5.0,
    "maxResTime" : 16991.0,
    "pct1ResTime" : 16135.3,
    "pct2ResTime" : 16443.649999999998,
    "pct3ResTime" : 16991.0,
    "throughput" : 0.8718851901581599,
    "receivedKBytesPerSec" : 0.22560029295342388,
    "sentKBytesPerSec" : 0.5253448850855319
  },
  "UserName" : {
    "transaction" : "UserName",
    "sampleCount" : 50,
    "errorCount" : 11,
    "errorPct" : 22.0,
    "meanResTime" : 4372.920000000002,
    "medianResTime" : 1700.0,
    "minResTime" : 198.0,
    "maxResTime" : 16472.0,
    "pct1ResTime" : 12478.599999999999,
    "pct2ResTime" : 13113.249999999998,
    "pct3ResTime" : 16472.0,
    "throughput" : 0.8655310898767484,
    "receivedKBytesPerSec" : 0.25998052014090844,
    "sentKBytesPerSec" : 0.5451831571977566
  },
  "ResetOTP" : {
    "transaction" : "ResetOTP",
    "sampleCount" : 50,
    "errorCount" : 9,
    "errorPct" : 18.0,
    "meanResTime" : 6451.76,
    "medianResTime" : 5267.0,
    "minResTime" : 20.0,
    "maxResTime" : 16688.0,
    "pct1ResTime" : 15109.199999999999,
    "pct2ResTime" : 15694.05,
    "pct3ResTime" : 16688.0,
    "throughput" : 0.8720220447172905,
    "receivedKBytesPerSec" : 0.22611259112630366,
    "sentKBytesPerSec" : 0.5305368494715547
  },
  "Total" : {
    "transaction" : "Total",
    "sampleCount" : 400,
    "errorCount" : 27,
    "errorPct" : 6.75,
    "meanResTime" : 6220.944999999996,
    "medianResTime" : 4239.0,
    "minResTime" : 4.0,
    "maxResTime" : 18987.0,
    "pct1ResTime" : 13924.2,
    "pct2ResTime" : 15203.75,
    "pct3ResTime" : 16727.6,
    "throughput" : 3.473036215085133,
    "receivedKBytesPerSec" : 1.2286459147326196,
    "sentKBytesPerSec" : 1.7649230668212168
  },
  "CreateAccount" : {
    "transaction" : "CreateAccount",
    "sampleCount" : 50,
    "errorCount" : 0,
    "errorPct" : 0.0,
    "meanResTime" : 4335.999999999999,
    "medianResTime" : 3175.0,
    "minResTime" : 1994.0,
    "maxResTime" : 9247.0,
    "pct1ResTime" : 9175.7,
    "pct2ResTime" : 9219.9,
    "pct3ResTime" : 9247.0,
    "throughput" : 2.33546639263861,
    "receivedKBytesPerSec" : 0.6317619050399365,
    "sentKBytesPerSec" : 1.5144039889765988
  },
  "RegisterDevice" : {
    "transaction" : "RegisterDevice",
    "sampleCount" : 50,
    "errorCount" : 0,
    "errorPct" : 0.0,
    "meanResTime" : 5836.580000000001,
    "medianResTime" : 1074.0,
    "minResTime" : 255.0,
    "maxResTime" : 13449.0,
    "pct1ResTime" : 13261.6,
    "pct2ResTime" : 13425.4,
    "pct3ResTime" : 13449.0,
    "throughput" : 3.6656891495601176,
    "receivedKBytesPerSec" : 1.8758018695014662,
    "sentKBytesPerSec" : 1.7290311125366569
  },
  "Initv1" : {
    "transaction" : "Initv1",
    "sampleCount" : 50,
    "errorCount" : 0,
    "errorPct" : 0.0,
    "meanResTime" : 9088.999999999998,
    "medianResTime" : 10499.5,
    "minResTime" : 993.0,
    "maxResTime" : 18987.0,
    "pct1ResTime" : 15278.099999999999,
    "pct2ResTime" : 17011.049999999992,
    "pct3ResTime" : 18987.0,
    "throughput" : 0.9054034477763291,
    "receivedKBytesPerSec" : 0.6357276161632623,
    "sentKBytesPerSec" : 0.0
  },
  "VerifyOTP" : {
    "transaction" : "VerifyOTP",
    "sampleCount" : 50,
    "errorCount" : 0,
    "errorPct" : 0.0,
    "meanResTime" : 6691.66,
    "medianResTime" : 6303.5,
    "minResTime" : 11.0,
    "maxResTime" : 15432.0,
    "pct1ResTime" : 12943.2,
    "pct2ResTime" : 13903.75,
    "pct3ResTime" : 15432.0,
    "throughput" : 1.0636487406398911,
    "receivedKBytesPerSec" : 0.28772529409887676,
    "sentKBytesPerSec" : 0.6315414397549353
  },
  "CreatedAccount-GetRequestedOTP" : {
    "transaction" : "CreatedAccount-GetRequestedOTP",
    "sampleCount" : 50,
    "errorCount" : 0,
    "errorPct" : 0.0,
    "meanResTime" : 4825.5199999999995,
    "medianResTime" : 1642.5,
    "minResTime" : 4.0,
    "maxResTime" : 12923.0,
    "pct1ResTime" : 12804.5,
    "pct2ResTime" : 12897.35,
    "pct3ResTime" : 12923.0,
    "throughput" : 1.5762428675010247,
    "receivedKBytesPerSec" : 0.40483581460231394,
    "sentKBytesPerSec" : 0.8050537301787459
  }
}