{
  "List All the Recent Stories for the user V1" : {
    "transaction" : "List All the Recent Stories for the user V1",
    "sampleCount" : 30,
    "errorCount" : 3,
    "errorPct" : 10.0,
    "meanResTime" : 29146.333333333336,
    "medianResTime" : 37364.0,
    "minResTime" : 165.0,
    "maxResTime" : 60004.0,
    "pct1ResTime" : 59861.3,
    "pct2ResTime" : 60003.45,
    "pct3ResTime" : 60004.0,
    "throughput" : 0.08077457431799334,
    "receivedKBytesPerSec" : 0.021826488978309334,
    "sentKBytesPerSec" : 0.0492220062250272
  },
  "List all the Flicks feed for a user V2" : {
    "transaction" : "List all the Flicks feed for a user V2",
    "sampleCount" : 30,
    "errorCount" : 2,
    "errorPct" : 6.6666665,
    "meanResTime" : 16269.666666666673,
    "medianResTime" : 7698.5,
    "minResTime" : 148.0,
    "maxResTime" : 60002.0,
    "pct1ResTime" : 47588.50000000001,
    "pct2ResTime" : 60001.45,
    "pct3ResTime" : 60002.0,
    "throughput" : 0.10521811715686619,
    "receivedKBytesPerSec" : 0.02952409407201128,
    "sentKBytesPerSec" : 0.06380903393985732
  },
  "findPlace" : {
    "transaction" : "findPlace",
    "sampleCount" : 30,
    "errorCount" : 10,
    "errorPct" : 33.333332,
    "meanResTime" : 24478.366666666665,
    "medianResTime" : 1855.5,
    "minResTime" : 930.0,
    "maxResTime" : 60012.0,
    "pct1ResTime" : 60010.2,
    "pct2ResTime" : 60011.45,
    "pct3ResTime" : 60012.0,
    "throughput" : 0.11184973361121779,
    "receivedKBytesPerSec" : 0.028981897120615024,
    "sentKBytesPerSec" : 0.06925071397413289
  },
  "Get Feed on Story V1" : {
    "transaction" : "Get Feed on Story V1",
    "sampleCount" : 30,
    "errorCount" : 5,
    "errorPct" : 16.666666,
    "meanResTime" : 23910.833333333332,
    "medianResTime" : 15817.5,
    "minResTime" : 146.0,
    "maxResTime" : 60012.0,
    "pct1ResTime" : 57878.9,
    "pct2ResTime" : 60006.5,
    "pct3ResTime" : 60012.0,
    "throughput" : 0.08643540394145442,
    "receivedKBytesPerSec" : 0.023645935375129653,
    "sentKBytesPerSec" : 0.056081721072951486
  },
  "List all the Recent Stories for User V2" : {
    "transaction" : "List all the Recent Stories for User V2",
    "sampleCount" : 30,
    "errorCount" : 2,
    "errorPct" : 6.6666665,
    "meanResTime" : 21878.1,
    "medianResTime" : 10469.0,
    "minResTime" : 176.0,
    "maxResTime" : 60003.0,
    "pct1ResTime" : 57800.200000000004,
    "pct2ResTime" : 60002.45,
    "pct3ResTime" : 60003.0,
    "throughput" : 0.08377782121812952,
    "receivedKBytesPerSec" : 0.022591649445670086,
    "sentKBytesPerSec" : 0.05105210980479768
  },
  "RegisterDevice" : {
    "transaction" : "RegisterDevice",
    "sampleCount" : 30,
    "errorCount" : 0,
    "errorPct" : 0.0,
    "meanResTime" : 38.36666666666667,
    "medianResTime" : 22.5,
    "minResTime" : 17.0,
    "maxResTime" : 401.0,
    "pct1ResTime" : 37.800000000000004,
    "pct2ResTime" : 219.49999999999977,
    "pct3ResTime" : 401.0,
    "throughput" : 0.2071494168743915,
    "receivedKBytesPerSec" : 0.10600224066619252,
    "sentKBytesPerSec" : 0.0977081722171202
  },
  "login" : {
    "transaction" : "login",
    "sampleCount" : 30,
    "errorCount" : 0,
    "errorPct" : 0.0,
    "meanResTime" : 799.3999999999999,
    "medianResTime" : 776.5,
    "minResTime" : 507.0,
    "maxResTime" : 1236.0,
    "pct1ResTime" : 1110.2,
    "pct2ResTime" : 1170.0,
    "pct3ResTime" : 1236.0,
    "throughput" : 0.20651485530192473,
    "receivedKBytesPerSec" : 0.15206269618911253,
    "sentKBytesPerSec" : 0.13229857917779553
  },
  "List all the flicks feed for a user V1" : {
    "transaction" : "List all the flicks feed for a user V1",
    "sampleCount" : 30,
    "errorCount" : 0,
    "errorPct" : 0.0,
    "meanResTime" : 8055.433333333331,
    "medianResTime" : 225.0,
    "minResTime" : 155.0,
    "maxResTime" : 58652.0,
    "pct1ResTime" : 36063.00000000001,
    "pct2ResTime" : 55965.25,
    "pct3ResTime" : 58652.0,
    "throughput" : 0.10737716946622809,
    "receivedKBytesPerSec" : 0.6510789504060647,
    "sentKBytesPerSec" : 0.06511838109231215
  },
  "createStory" : {
    "transaction" : "createStory",
    "sampleCount" : 30,
    "errorCount" : 3,
    "errorPct" : 10.0,
    "meanResTime" : 17055.63333333333,
    "medianResTime" : 1775.5,
    "minResTime" : 166.0,
    "maxResTime" : 60024.0,
    "pct1ResTime" : 59217.30000000002,
    "pct2ResTime" : 60017.95,
    "pct3ResTime" : 60024.0,
    "throughput" : 0.1505940936996451,
    "receivedKBytesPerSec" : 0.42823724750390285,
    "sentKBytesPerSec" : 0.5569334305083554
  },
  "storyDetails" : {
    "transaction" : "storyDetails",
    "sampleCount" : 30,
    "errorCount" : 8,
    "errorPct" : 26.666666,
    "meanResTime" : 27809.46666666667,
    "medianResTime" : 19700.0,
    "minResTime" : 267.0,
    "maxResTime" : 60003.0,
    "pct1ResTime" : 60002.0,
    "pct2ResTime" : 60002.45,
    "pct3ResTime" : 60003.0,
    "throughput" : 0.09482298129774731,
    "receivedKBytesPerSec" : 0.25451266025083835,
    "sentKBytesPerSec" : 0.06230166193078554
  },
  "Total" : {
    "transaction" : "Total",
    "sampleCount" : 570,
    "errorCount" : 76,
    "errorPct" : 13.333333,
    "meanResTime" : 16359.594736842086,
    "medianResTime" : 830.5,
    "minResTime" : 4.0,
    "maxResTime" : 60024.0,
    "pct1ResTime" : 58144.0,
    "pct2ResTime" : 60002.0,
    "pct3ResTime" : 60012.0,
    "throughput" : 1.175076019172293,
    "receivedKBytesPerSec" : 1.7410061427356596,
    "sentKBytesPerSec" : 0.9408942882543937
  },
  "getStory" : {
    "transaction" : "getStory",
    "sampleCount" : 30,
    "errorCount" : 4,
    "errorPct" : 13.333333,
    "meanResTime" : 16631.933333333334,
    "medianResTime" : 2693.0,
    "minResTime" : 142.0,
    "maxResTime" : 60002.0,
    "pct1ResTime" : 55267.200000000004,
    "pct2ResTime" : 59294.7,
    "pct3ResTime" : 60002.0,
    "throughput" : 0.14376422666826405,
    "receivedKBytesPerSec" : 0.44854719510003593,
    "sentKBytesPerSec" : 0.09445758955313285
  },
  "List all the Explore feed for the user V2" : {
    "transaction" : "List all the Explore feed for the user V2",
    "sampleCount" : 30,
    "errorCount" : 7,
    "errorPct" : 23.333334,
    "meanResTime" : 24387.133333333335,
    "medianResTime" : 26049.5,
    "minResTime" : 149.0,
    "maxResTime" : 60013.0,
    "pct1ResTime" : 60002.0,
    "pct2ResTime" : 60007.5,
    "pct3ResTime" : 60013.0,
    "throughput" : 0.08845434871063045,
    "receivedKBytesPerSec" : 0.02437389524204058,
    "sentKBytesPerSec" : 0.05669198150272144
  },
  "List All the Explore Feed for the user v1" : {
    "transaction" : "List All the Explore Feed for the user v1",
    "sampleCount" : 30,
    "errorCount" : 4,
    "errorPct" : 13.333333,
    "meanResTime" : 15385.633333333333,
    "medianResTime" : 186.0,
    "minResTime" : 131.0,
    "maxResTime" : 60001.0,
    "pct1ResTime" : 53916.20000000001,
    "pct2ResTime" : 59689.7,
    "pct3ResTime" : 60001.0,
    "throughput" : 0.08313381218409151,
    "receivedKBytesPerSec" : 0.021855099843708436,
    "sentKBytesPerSec" : 0.05328195403947194
  },
  "userStories" : {
    "transaction" : "userStories",
    "sampleCount" : 30,
    "errorCount" : 4,
    "errorPct" : 13.333333,
    "meanResTime" : 6883.966666666667,
    "medianResTime" : 360.5,
    "minResTime" : 124.0,
    "maxResTime" : 60003.0,
    "pct1ResTime" : 39318.600000000035,
    "pct2ResTime" : 60002.45,
    "pct3ResTime" : 60003.0,
    "throughput" : 0.1121101369985874,
    "receivedKBytesPerSec" : 0.3728720386574437,
    "sentKBytesPerSec" : 0.07572908375187784
  },
  "AllStoriesByAUser" : {
    "transaction" : "AllStoriesByAUser",
    "sampleCount" : 30,
    "errorCount" : 6,
    "errorPct" : 20.0,
    "meanResTime" : 23495.400000000005,
    "medianResTime" : 7272.0,
    "minResTime" : 135.0,
    "maxResTime" : 60012.0,
    "pct1ResTime" : 60002.9,
    "pct2ResTime" : 60010.9,
    "pct3ResTime" : 60012.0,
    "throughput" : 0.09469009510041886,