{
  "GetRequestedOTP" : {
    "transaction" : "GetRequestedOTP",
    "sampleCount" : 80,
    "errorCount" : 26,
    "errorPct" : 32.5,
    "meanResTime" : 12230.6375,
    "medianResTime" : 6608.0,
    "minResTime" : 5.0,
    "maxResTime" : 31088.0,
    "pct1ResTime" : 28568.6,
    "pct2ResTime" : 30112.350000000002,
    "pct3ResTime" : 31088.0,
    "throughput" : 0.8074772392353191,
    "receivedKBytesPerSec" : 0.21602381805519108,
    "sentKBytesPerSec" : 0.4314956497163736
  },
  "UserName" : {
    "transaction" : "UserName",
    "sampleCount" : 80,
    "errorCount" : 25,
    "errorPct" : 31.25,
    "meanResTime" : 8967.9375,
    "medianResTime" : 2740.0,
    "minResTime" : 4.0,
    "maxResTime" : 30031.0,
    "pct1ResTime" : 26724.7,
    "pct2ResTime" : 28855.45,
    "pct3ResTime" : 30031.0,
    "throughput" : 0.8853670953319019,
    "receivedKBytesPerSec" : 0.26791216950906394,
    "sentKBytesPerSec" : 0.4973272980809668
  },
  "ResetOTP" : {
    "transaction" : "ResetOTP",
    "sampleCount" : 80,
    "errorCount" : 24,
    "errorPct" : 30.0,
    "meanResTime" : 10459.100000000004,
    "medianResTime" : 5667.0,
    "minResTime" : 3.0,
    "maxResTime" : 30977.0,
    "pct1ResTime" : 28555.800000000003,
    "pct2ResTime" : 29573.15,
    "pct3ResTime" : 30977.0,
    "throughput" : 0.8446837715130397,
    "receivedKBytesPerSec" : 0.22403917220990394,
    "sentKBytesPerSec" : 0.4563272093759899
  },
  "Total" : {
    "transaction" : "Total",
    "sampleCount" : 640,
    "errorCount" : 111,
    "errorPct" : 17.34375,
    "meanResTime" : 12359.635937499994,
    "medianResTime" : 4848.0,
    "minResTime" : 3.0,
    "maxResTime" : 35165.0,
    "pct1ResTime" : 29418.1,
    "pct2ResTime" : 30973.299999999996,
    "pct3ResTime" : 34207.0,
    "throughput" : 3.593809662855731,
    "receivedKBytesPerSec" : 1.2480668796045686,
    "sentKBytesPerSec" : 1.7342368980368814
  },
  "CreateAccount" : {
    "transaction" : "CreateAccount",
    "sampleCount" : 80,
    "errorCount" : 5,
    "errorPct" : 6.25,
    "meanResTime" : 4773.65,
    "medianResTime" : 3539.5,
    "minResTime" : 399.0,
    "maxResTime" : 31004.0,
    "pct1ResTime" : 4069.9,
    "pct2ResTime" : 22102.85,
    "pct3ResTime" : 31004.0,
    "throughput" : 1.3540273852038658,
    "receivedKBytesPerSec" : 0.37020880583247295,
    "sentKBytesPerSec" : 0.8780021325931318
  },
  "RegisterDevice" : {
    "transaction" : "RegisterDevice",
    "sampleCount" : 80,
    "errorCount" : 0,
    "errorPct" : 0.0,
    "meanResTime" : 14298.975,
    "medianResTime" : 1317.5,
    "minResTime" : 44.0,
    "maxResTime" : 29632.0,
    "pct1ResTime" : 29049.5,
    "pct2ResTime" : 29481.25,
    "pct3ResTime" : 29632.0,
    "throughput" : 2.636435539151068,
    "receivedKBytesPerSec" : 1.3491134985499604,
    "sentKBytesPerSec" : 1.2435530912206696
  },
  "Initv1" : {
    "transaction" : "Initv1",
    "sampleCount" : 80,
    "errorCount" : 16,
    "errorPct" : 20.0,
    "meanResTime" : 15233.574999999997,
    "medianResTime" : 11703.5,
    "minResTime" : 395.0,
    "maxResTime" : 35165.0,
    "pct1ResTime" : 30765.7,
    "pct2ResTime" : 31306.25,
    "pct3ResTime" : 35165.0,
    "throughput" : 0.8255848752850847,
    "receivedKBytesPerSec" : 0.5164541323102961,
    "sentKBytesPerSec" : 0.0
  },
  "VerifyOTP" : {
    "transaction" : "VerifyOTP",
    "sampleCount" : 80,
    "errorCount" : 11,
    "errorPct" : 13.75,
    "meanResTime" : 13649.2125,
    "medianResTime" : 11357.5,
    "minResTime" : 6.0,
    "maxResTime" : 34263.0,
    "pct1ResTime" : 34194.7,
    "pct2ResTime" : 34207.0,
    "pct3ResTime" : 34263.0,
    "throughput" : 0.8812125484666902,
    "receivedKBytesPerSec" : 0.24205376911129714,
    "sentKBytesPerSec" : 0.5228326990438843
  },
  "CreatedAccount-GetRequestedOTP" : {
    "transaction" : "CreatedAccount-GetRequestedOTP",
    "sampleCount" : 80,
    "errorCount" : 4,
    "errorPct" : 5.0,
    "meanResTime" : 19263.999999999993,
    "medianResTime" : 22525.0,
    "minResTime" : 6.0,
    "maxResTime" : 33986.0,
    "pct1ResTime" : 32029.20000000003,
    "pct2ResTime" : 33291.6,
    "pct3ResTime" : 33986.0,
    "throughput" : 1.0048610151608406,
    "receivedKBytesPerSec" : 0.2587713375956188,
    "sentKBytesPerSec" : 0.5132249130167184
  }
}