{
  "GetRequestedOTP" : {
    "transaction" : "GetRequestedOTP",
    "sampleCount" : 5,
    "errorCount" : 0,
    "errorPct" : 0.0,
    "meanResTime" : 40.2,
    "medianResTime" : 6.0,
    "minResTime" : 6.0,
    "maxResTime" : 96.0,
    "pct1ResTime" : 96.0,
    "pct2ResTime" : 96.0,
    "pct3ResTime" : 96.0,
    "throughput" : 0.12408179471907883,
    "receivedKBytesPerSec" : 0.028960497009628747,
    "sentKBytesPerSec" : 0.07391591286976375
  },
  "UserName" : {
    "transaction" : "UserName",
    "sampleCount" : 5,
    "errorCount" : 0,
    "errorPct" : 0.0,
    "meanResTime" : 1234.8,
    "medianResTime" : 1483.0,
    "minResTime" : 624.0,
    "maxResTime" : 1677.0,
    "pct1ResTime" : 1677.0,
    "pct2ResTime" : 1677.0,
    "pct3ResTime" : 1677.0,
    "throughput" : 0.12593189603062666,
    "receivedKBytesPerSec" : 0.035910267227483375,
    "sentKBytesPerSec" : 0.07846147428470683
  },
  "ResetOTP" : {
    "transaction" : "ResetOTP",
    "sampleCount" : 5,
    "errorCount" : 0,
    "errorPct" : 0.0,
    "meanResTime" : 10230.8,
    "medianResTime" : 9606.0,
    "minResTime" : 8594.0,
    "maxResTime" : 13917.0,
    "pct1ResTime" : 13917.0,
    "pct2ResTime" : 13917.0,
    "pct3ResTime" : 13917.0,
    "throughput" : 0.10245481742551535,
    "receivedKBytesPerSec" : 0.023912794301463054,
    "sentKBytesPerSec" : 0.061632976107536576
  },
  "Total" : {
    "transaction" : "Total",
    "sampleCount" : 40,
    "errorCount" : 0,
    "errorPct" : 0.0,
    "meanResTime" : 4302.075,
    "medianResTime" : 1623.5,
    "minResTime" : 6.0,
    "maxResTime" : 14109.0,
    "pct1ResTime" : 13075.0,
    "pct2ResTime" : 13915.6,
    "pct3ResTime" : 14109.0,
    "throughput" : 0.6377856083677472,
    "receivedKBytesPerSec" : 0.21098620589313902,
    "sentKBytesPerSec" : 0.3202941885772598
  },
  "CreateAccount" : {
    "transaction" : "CreateAccount",
    "sampleCount" : 5,
    "errorCount" : 0,
    "errorPct" : 0.0,
    "meanResTime" : 9234.2,
    "medianResTime" : 10503.0,
    "minResTime" : 2069.0,
    "maxResTime" : 14109.0,
    "pct1ResTime" : 14109.0,
    "pct2ResTime" : 14109.0,
    "pct3ResTime" : 14109.0,
    "throughput" : 0.1475709816421699,
    "receivedKBytesPerSec" : 0.036460408550262675,
    "sentKBytesPerSec" : 0.09468177240127502
  },
  "RegisterDevice" : {
    "transaction" : "RegisterDevice",
    "sampleCount" : 5,
    "errorCount" : 0,
    "errorPct" : 0.0,
    "meanResTime" : 27.2,
    "medianResTime" : 30.0,
    "minResTime" : 9.0,
    "maxResTime" : 48.0,
    "pct1ResTime" : 48.0,
    "pct2ResTime" : 48.0,
    "pct3ResTime" : 48.0,
    "throughput" : 0.25134469411350724,
    "receivedKBytesPerSec" : 0.12272690142261096,
    "sentKBytesPerSec" : 0.11683601015432564
  },
  "Initv1" : {
    "transaction" : "Initv1",
    "sampleCount" : 5,
    "errorCount" : 0,
    "errorPct" : 0.0,
    "meanResTime" : 3350.0,
    "medianResTime" : 2099.0,
    "minResTime" : 1992.0,
    "maxResTime" : 7187.0,
    "pct1ResTime" : 7187.0,
    "pct2ResTime" : 7187.0,
    "pct3ResTime" : 7187.0,
    "throughput" : 0.11446624390467251,
    "receivedKBytesPerSec" : 0.07768949171264394,
    "sentKBytesPerSec" : 0.0
  },
  "VerifyOTP" : {
    "transaction" : "VerifyOTP",
    "sampleCount" : 5,
    "errorCount" : 0,
    "errorPct" : 0.0,
    "meanResTime" : 9856.8,
    "medianResTime" : 10786.0,
    "minResTime" : 1499.0,
    "maxResTime" : 13889.0,
    "pct1ResTime" : 13889.0,
    "pct2ResTime" : 13889.0,
    "pct3ResTime" : 13889.0,
    "throughput" : 0.12022409771814663,
    "receivedKBytesPerSec" : 0.029703805393253024,
    "sentKBytesPerSec" : 0.07056121360215442
  },
  "CreatedAccount-GetRequestedOTP" : {
    "transaction" : "CreatedAccount-GetRequestedOTP",
    "sampleCount" : 5,
    "errorCount" : 0,
    "errorPct" : 0.0,
    "meanResTime" : 442.6,
    "medianResTime" : 308.0,
    "minResTime" : 205.0,
    "maxResTime" : 910.0,
    "pct1ResTime" : 910.0,
    "pct2ResTime" : 910.0,
    "pct3ResTime" : 910.0,
    "throughput" : 0.15481793410948724,
    "receivedKBytesPerSec" : 0.03613426391813228,
    "sentKBytesPerSec" : 0.07801372460985881
  }
}