{
  "Init V2" : {
    "transaction" : "Init V2",
    "sampleCount" : 30,
    "errorCount" : 30,
    "errorPct" : 100.0,
    "meanResTime" : 2.3333333333333335,
    "medianResTime" : 2.0,
    "minResTime" : 1.0,
    "maxResTime" : 12.0,
    "pct1ResTime" : 4.900000000000002,
    "pct2ResTime" : 9.799999999999997,
    "pct3ResTime" : 12.0,
    "throughput" : 0.20852303136881467,
    "receivedKBytesPerSec" : 0.5202893995579312,
    "sentKBytesPerSec" : 0.0
  },
  "ResetOTP" : {
    "transaction" : "ResetOTP",
    "sampleCount" : 30,
    "errorCount" : 0,
    "errorPct" : 0.0,
    "meanResTime" : 251.29999999999995,
    "medianResTime" : 249.5,
    "minResTime" : 64.0,
    "maxResTime" : 334.0,
    "pct1ResTime" : 319.20000000000005,
    "pct2ResTime" : 332.9,
    "pct3ResTime" : 334.0,
    "throughput" : 0.20819598181755092,
    "receivedKBytesPerSec" : 0.05347221017384365,
    "sentKBytesPerSec" : 0.1075543695131684
  },
  "Total" : {
    "transaction" : "Total",
    "sampleCount" : 210,
    "errorCount" : 30,
    "errorPct" : 14.285714,
    "meanResTime" : 149.404761904762,
    "medianResTime" : 23.0,
    "minResTime" : 1.0,
    "maxResTime" : 698.0,
    "pct1ResTime" : 420.6,
    "pct2ResTime" : 462.0,
    "pct3ResTime" : 658.4799999999996,
    "throughput" : 1.4403193393735296,
    "receivedKBytesPerSec" : 0.888545217453927,
    "sentKBytesPerSec" : 0.6775609392253826
  },
  "CreateAccount" : {
    "transaction" : "CreateAccount",
    "sampleCount" : 30,
    "errorCount" : 0,
    "errorPct" : 0.0,
    "meanResTime" : 457.83333333333337,
    "medianResTime" : 437.5,
    "minResTime" : 350.0,
    "maxResTime" : 662.0,
    "pct1ResTime" : 599.7,
    "pct2ResTime" : 644.4,
    "pct3ResTime" : 662.0,
    "throughput" : 0.20762395149904495,
    "receivedKBytesPerSec" : 0.05616390094261274,
    "sentKBytesPerSec" : 0.13463115605016196
  },
  "Register Device" : {
    "transaction" : "Register Device",
    "sampleCount" : 30,
    "errorCount" : 0,
    "errorPct" : 0.0,
    "meanResTime" : 43.16666666666667,
    "medianResTime" : 19.0,
    "minResTime" : 15.0,
    "maxResTime" : 698.0,
    "pct1ResTime" : 30.60000000000001,
    "pct2ResTime" : 343.79999999999956,
    "pct3ResTime" : 698.0,
    "throughput" : 0.2071694438881561,
    "receivedKBytesPerSec" : 0.10601248886464239,
    "sentKBytesPerSec" : 0.10621480277468942
  },
  "VerifyOTP" : {
    "transaction" : "VerifyOTP",
    "sampleCount" : 30,
    "errorCount" : 0,
    "errorPct" : 0.0,
    "meanResTime" : 12.533333333333333,
    "medianResTime" : 12.0,
    "minResTime" : 10.0,
    "maxResTime" : 31.0,
    "pct1ResTime" : 14.0,
    "pct2ResTime" : 22.19999999999999,
    "pct3ResTime" : 31.0,
    "throughput" : 0.20847810979847115,
    "receivedKBytesPerSec" : 0.05639495743571925,
    "sentKBytesPerSec" : 0.12378387769284224
  },
  "Get Requested OTP2" : {
    "transaction" : "Get Requested OTP2",
    "sampleCount" : 30,
    "errorCount" : 0,
    "errorPct" : 0.0,
    "meanResTime" : 26.333333333333336,
    "medianResTime" : 19.5,
    "minResTime" : 13.0,
    "maxResTime" : 242.0,
    "pct1ResTime" : 25.900000000000002,
    "pct2ResTime" : 126.49999999999986,
    "pct3ResTime" : 242.0,
    "throughput" : 0.20852303136881467,
    "receivedKBytesPerSec" : 0.053556208251951426,
    "sentKBytesPerSec" : 0.10650150918543953
  },
  "Get Requested OTP1" : {
    "transaction" : "Get Requested OTP1",
    "sampleCount" : 30,
    "errorCount" : 0,
    "errorPct" : 0.0,
    "meanResTime" : 252.33333333333334,
    "medianResTime" : 249.5,
    "minResTime" : 232.0,
    "maxResTime" : 337.0,
    "pct1ResTime" : 269.7,
    "pct2ResTime" : 300.69999999999993,
    "pct3ResTime" : 337.0,
    "throughput" : 0.20814109190816815,
    "receivedKBytesPerSec" : 0.05345811247250803,
    "sentKBytesPerSec" : 0.10630643658981634
  }
}