{
  "GetRequestedOTP" : {
    "transaction" : "GetRequestedOTP",
    "sampleCount" : 20,
    "errorCount" : 0,
    "errorPct" : 0.0,
    "meanResTime" : 30.749999999999996,
    "medianResTime" : 6.0,
    "minResTime" : 4.0,
    "maxResTime" : 311.0,
    "pct1ResTime" : 74.70000000000003,
    "pct2ResTime" : 299.24999999999983,
    "pct3ResTime" : 311.0,
    "throughput" : 0.10077089736484103,
    "receivedKBytesPerSec" : 0.023519769990426764,
    "sentKBytesPerSec" : 0.06002953846929007
  },
  "UserName" : {
    "transaction" : "UserName",
    "sampleCount" : 20,
    "errorCount" : 0,
    "errorPct" : 0.0,
    "meanResTime" : 1460.2500000000002,
    "medianResTime" : 1400.5,
    "minResTime" : 556.0,
    "maxResTime" : 3681.0,
    "pct1ResTime" : 1864.6000000000001,
    "pct2ResTime" : 3590.5999999999985,
    "pct3ResTime" : 3681.0,
    "throughput" : 0.09963235660413075,
    "receivedKBytesPerSec" : 0.028430248632545906,
    "sentKBytesPerSec" : 0.06207562843108928
  },
  "ResetOTP" : {
    "transaction" : "ResetOTP",
    "sampleCount" : 20,
    "errorCount" : 0,
    "errorPct" : 0.0,
    "meanResTime" : 30181.59999999999,
    "medianResTime" : 27904.0,
    "minResTime" : 9913.0,
    "maxResTime" : 50506.0,
    "pct1ResTime" : 50237.200000000004,
    "pct2ResTime" : 50505.6,
    "pct3ResTime" : 50506.0,
    "throughput" : 0.09519412461862854,
    "receivedKBytesPerSec" : 0.022218159945168185,
    "sentKBytesPerSec" : 0.05726521559089373
  },
  "Total" : {
    "transaction" : "Total",
    "sampleCount" : 160,
    "errorCount" : 0,
    "errorPct" : 0.0,
    "meanResTime" : 13968.368750000007,
    "medianResTime" : 1872.0,
    "minResTime" : 4.0,
    "maxResTime" : 51493.0,
    "pct1ResTime" : 47003.700000000004,
    "pct2ResTime" : 50279.45,
    "pct3ResTime" : 51070.87999999999,
    "throughput" : 0.715186082478835,
    "receivedKBytesPerSec" : 0.23660855965992902,
    "sentKBytesPerSec" : 0.35916449503392667
  },
  "CreateAccount" : {
    "transaction" : "CreateAccount",
    "sampleCount" : 20,
    "errorCount" : 0,
    "errorPct" : 0.0,
    "meanResTime" : 32971.549999999996,
    "medianResTime" : 36753.0,
    "minResTime" : 1963.0,
    "maxResTime" : 51493.0,
    "pct1ResTime" : 50780.8,
    "pct2ResTime" : 51458.4,
    "pct3ResTime" : 51493.0,
    "throughput" : 0.13797575765937925,
    "receivedKBytesPerSec" : 0.034089713562327095,
    "sentKBytesPerSec" : 0.08852546170137907
  },
  "RegisterDevice" : {
    "transaction" : "RegisterDevice",
    "sampleCount" : 20,
    "errorCount" : 0,
    "errorPct" : 0.0,
    "meanResTime" : 42.550000000000004,
    "medianResTime" : 46.5,
    "minResTime" : 9.0,
    "maxResTime" : 71.0,
    "pct1ResTime" : 57.900000000000006,
    "pct2ResTime" : 70.35,
    "pct3ResTime" : 71.0,
    "throughput" : 0.21081035500463782,
    "receivedKBytesPerSec" : 0.10293474365460832,
    "sentKBytesPerSec" : 0.09799387595918711
  },
  "Initv1" : {
    "transaction" : "Initv1",
    "sampleCount" : 20,
    "errorCount" : 0,
    "errorPct" : 0.0,
    "meanResTime" : 10048.85,
    "medianResTime" : 2287.0,
    "minResTime" : 1871.0,
    "maxResTime" : 43422.0,
    "pct1ResTime" : 38363.500000000015,
    "pct2ResTime" : 43200.049999999996,
    "pct3ResTime" : 43422.0,
    "throughput" : 0.09921127040031748,
    "receivedKBytesPerSec" : 0.06733577434396547,
    "sentKBytesPerSec" : 0.0
  },
  "VerifyOTP" : {
    "transaction" : "VerifyOTP",
    "sampleCount" : 20,
    "errorCount" : 0,
    "errorPct" : 0.0,
    "meanResTime" : 36555.85,
    "medianResTime" : 40387.0,
    "minResTime" : 1784.0,
    "maxResTime" : 50609.0,
    "pct1ResTime" : 49943.1,
    "pct2ResTime" : 50578.7,
    "pct3ResTime" : 50609.0,
    "throughput" : 0.11148520591317533,
    "receivedKBytesPerSec" : 0.027544684664095077,
    "sentKBytesPerSec" : 0.06543223511115076
  },
  "CreatedAccount-GetRequestedOTP" : {
    "transaction" : "CreatedAccount-GetRequestedOTP",
    "sampleCount" : 20,
    "errorCount" : 0,
    "errorPct" : 0.0,
    "meanResTime" : 455.55,
    "medianResTime" : 406.5,
    "minResTime" : 109.0,
    "maxResTime" : 888.0,
    "pct1ResTime" : 794.8000000000004,
    "pct2ResTime" : 884.3499999999999,
    "pct3ResTime" : 888.0,
    "throughput" : 0.13948752284108185,
    "receivedKBytesPerSec" : 0.032556169881854065,
    "sentKBytesPerSec" : 0.0702886345566389
  }
}