{
  "GetRequestedOTP" : {
    "transaction" : "GetRequestedOTP",
    "sampleCount" : 10,
    "errorCount" : 0,
    "errorPct" : 0.0,
    "meanResTime" : 20.6,
    "medianResTime" : 10.5,
    "minResTime" : 6.0,
    "maxResTime" : 62.0,
    "pct1ResTime" : 61.9,
    "pct2ResTime" : 62.0,
    "pct3ResTime" : 62.0,
    "throughput" : 0.09167667470365515,
    "receivedKBytesPerSec" : 0.021397192631028888,
    "sentKBytesPerSec" : 0.054612081610575826
  },
  "UserName" : {
    "transaction" : "UserName",
    "sampleCount" : 10,
    "errorCount" : 0,
    "errorPct" : 0.0,
    "meanResTime" : 1440.0,
    "medianResTime" : 1490.0,
    "minResTime" : 781.0,
    "maxResTime" : 2084.0,
    "pct1ResTime" : 2074.2,
    "pct2ResTime" : 2084.0,
    "pct3ResTime" : 2084.0,
    "throughput" : 0.09490817633939164,
    "receivedKBytesPerSec" : 0.027082196412470935,
    "sentKBytesPerSec" : 0.0591322426802069
  },
  "ResetOTP" : {
    "transaction" : "ResetOTP",
    "sampleCount" : 10,
    "errorCount" : 0,
    "errorPct" : 0.0,
    "meanResTime" : 19735.9,
    "medianResTime" : 19090.5,
    "minResTime" : 7578.0,
    "maxResTime" : 32094.0,
    "pct1ResTime" : 31783.9,
    "pct2ResTime" : 32094.0,
    "pct3ResTime" : 32094.0,
    "throughput" : 0.08576844235931831,
    "receivedKBytesPerSec" : 0.020018220433473708,
    "sentKBytesPerSec" : 0.05159507860677742
  },
  "Total" : {
    "transaction" : "Total",
    "sampleCount" : 80,
    "errorCount" : 0,
    "errorPct" : 0.0,
    "meanResTime" : 9373.362499999996,
    "medianResTime" : 1936.5,
    "minResTime" : 5.0,
    "maxResTime" : 32614.0,
    "pct1ResTime" : 30593.300000000007,
    "pct2ResTime" : 32065.2,
    "pct3ResTime" : 32614.0,
    "throughput" : 0.6120700208103806,
    "receivedKBytesPerSec" : 0.2024941614258171,
    "sentKBytesPerSec" : 0.30737989082201
  },
  "CreateAccount" : {
    "transaction" : "CreateAccount",
    "sampleCount" : 10,
    "errorCount" : 0,
    "errorPct" : 0.0,
    "meanResTime" : 22395.2,
    "medianResTime" : 27396.5,
    "minResTime" : 2017.0,
    "maxResTime" : 32614.0,
    "pct1ResTime" : 32603.4,
    "pct2ResTime" : 32614.0,
    "pct3ResTime" : 32614.0,
    "throughput" : 0.12948839136571408,
    "receivedKBytesPerSec" : 0.03199273731984927,
    "sentKBytesPerSec" : 0.08307995422585365
  },
  "RegisterDevice" : {
    "transaction" : "RegisterDevice",
    "sampleCount" : 10,
    "errorCount" : 0,
    "errorPct" : 0.0,
    "meanResTime" : 64.2,
    "medianResTime" : 86.5,
    "minResTime" : 5.0,
    "maxResTime" : 95.0,
    "pct1ResTime" : 94.5,
    "pct2ResTime" : 95.0,
    "pct3ResTime" : 95.0,
    "throughput" : 0.2231047253580831,
    "receivedKBytesPerSec" : 0.1089378541787515,
    "sentKBytesPerSec" : 0.10370883717817143
  },
  "Initv1" : {
    "transaction" : "Initv1",
    "sampleCount" : 10,
    "errorCount" : 0,
    "errorPct" : 0.0,
    "meanResTime" : 5632.2,
    "medianResTime" : 2136.0,
    "minResTime" : 1887.0,
    "maxResTime" : 20317.0,
    "pct1ResTime" : 19983.2,
    "pct2ResTime" : 20317.0,
    "pct3ResTime" : 20317.0,
    "throughput" : 0.08881704576742368,
    "receivedKBytesPerSec" : 0.06028110039878854,
    "sentKBytesPerSec" : 0.0
  },
  "VerifyOTP" : {
    "transaction" : "VerifyOTP",
    "sampleCount" : 10,
    "errorCount" : 0,
    "errorPct" : 0.0,
    "meanResTime" : 25242.899999999998,
    "medianResTime" : 28698.5,
    "minResTime" : 1600.0,
    "maxResTime" : 32303.0,
    "pct1ResTime" : 32224.5,
    "pct2ResTime" : 32303.0,
    "pct3ResTime" : 32303.0,
    "throughput" : 0.10008807750820722,
    "receivedKBytesPerSec" : 0.02472879258747698,
    "sentKBytesPerSec" : 0.058743100178156774
  },
  "CreatedAccount-GetRequestedOTP" : {
    "transaction" : "CreatedAccount-GetRequestedOTP",
    "sampleCount" : 10,
    "errorCount" : 0,
    "errorPct" : 0.0,
    "meanResTime" : 455.9,
    "medianResTime" : 441.5,
    "minResTime" : 195.0,
    "maxResTime" : 896.0,
    "pct1ResTime" : 875.7,
    "pct2ResTime" : 896.0,
    "pct3ResTime" : 896.0,
    "throughput" : 0.1326066488973757,
    "receivedKBytesPerSec" : 0.03095018465475859,
    "sentKBytesPerSec" : 0.06682131917094324
  }
}