{
  "UserName" : {
    "transaction" : "UserName",
    "sampleCount" : 10,
    "errorCount" : 0,
    "errorPct" : 0.0,
    "meanResTime" : 1234.3999999999999,
    "medianResTime" : 1247.5,
    "minResTime" : 910.0,
    "maxResTime" : 1605.0,
    "pct1ResTime" : 1590.3,
    "pct2ResTime" : 1605.0,
    "pct3ResTime" : 1605.0,
    "throughput" : 0.23873755580490366,
    "receivedKBytesPerSec" : 0.07399931661374651,
    "sentKBytesPerSec" : 0.12846132153174017
  },
  "Init V2" : {
    "transaction" : "Init V2",
    "sampleCount" : 10,
    "errorCount" : 1,
    "errorPct" : 10.0,
    "meanResTime" : 2370.3999999999996,
    "medianResTime" : 2099.0,
    "minResTime" : 1053.0,
    "maxResTime" : 4765.0,
    "pct1ResTime" : 4596.1,
    "pct2ResTime" : 4765.0,
    "pct3ResTime" : 4765.0,
    "throughput" : 0.21700447029208803,
    "receivedKBytesPerSec" : 0.06010006618636344,
    "sentKBytesPerSec" : 0.0
  },
  "ResetOTP" : {
    "transaction" : "ResetOTP",
    "sampleCount" : 10,
    "errorCount" : 0,
    "errorPct" : 0.0,
    "meanResTime" : 254.20000000000002,
    "medianResTime" : 225.0,
    "minResTime" : 107.0,
    "maxResTime" : 416.0,
    "pct1ResTime" : 409.70000000000005,
    "pct2ResTime" : 416.0,
    "pct3ResTime" : 416.0,
    "throughput" : 0.24602666929095116,
    "receivedKBytesPerSec" : 0.0631884902573439,
    "sentKBytesPerSec" : 0.1270977617723761
  },
  "Total" : {
    "transaction" : "Total",
    "sampleCount" : 90,
    "errorCount" : 13,
    "errorPct" : 14.444445,
    "meanResTime" : 626.2111111111109,
    "medianResTime" : 300.0,
    "minResTime" : 10.0,
    "maxResTime" : 4765.0,
    "pct1ResTime" : 1600.8000000000002,
    "pct2ResTime" : 2255.6500000000005,
    "pct3ResTime" : 4765.0,
    "throughput" : 1.8090815895796901,
    "receivedKBytesPerSec" : 0.5503408359967035,
    "sentKBytesPerSec" : 0.8900540086232889
  },
  "CreateAccount" : {
    "transaction" : "CreateAccount",
    "sampleCount" : 10,
    "errorCount" : 1,
    "errorPct" : 10.0,
    "meanResTime" : 662.2,
    "medianResTime" : 598.0,
    "minResTime" : 401.0,
    "maxResTime" : 1419.0,
    "pct1ResTime" : 1358.1000000000004,
    "pct2ResTime" : 1419.0,
    "pct3ResTime" : 1419.0,
    "throughput" : 0.22326412145568209,
    "receivedKBytesPerSec" : 0.061484845947756196,
    "sentKBytesPerSec" : 0.14477282875641884
  },
  "EmailVerify" : {
    "transaction" : "EmailVerify",
    "sampleCount" : 10,
    "errorCount" : 10,
    "errorPct" : 100.0,
    "meanResTime" : 616.5,
    "medianResTime" : 592.0,
    "minResTime" : 10.0,
    "maxResTime" : 1035.0,
    "pct1ResTime" : 1034.9,
    "pct2ResTime" : 1035.0,
    "pct3ResTime" : 1035.0,
    "throughput" : 0.23822002001048168,
    "receivedKBytesPerSec" : 0.07690970567916527,
    "sentKBytesPerSec" : 0.14228062913907286
  },
  "Register Device" : {
    "transaction" : "Register Device",
    "sampleCount" : 10,
    "errorCount" : 0,
    "errorPct" : 0.0,
    "meanResTime" : 80.10000000000001,
    "medianResTime" : 30.5,
    "minResTime" : 24.0,
    "maxResTime" : 469.0,
    "pct1ResTime" : 429.40000000000015,
    "pct2ResTime" : 469.0,
    "pct3ResTime" : 469.0,
    "throughput" : 0.22281639928698752,
    "receivedKBytesPerSec" : 0.11401932932263814,
    "sentKBytesPerSec" : 0.11423692346256684
  },
  "VerifyOTP" : {
    "transaction" : "VerifyOTP",
    "sampleCount" : 10,
    "errorCount" : 1,
    "errorPct" : 10.0,
    "meanResTime" : 45.5,
    "medianResTime" : 28.5,
    "minResTime" : 16.0,
    "maxResTime" : 150.0,
    "pct1ResTime" : 142.8,
    "pct2ResTime" : 150.0,
    "pct3ResTime" : 150.0,
    "throughput" : 0.22535211267605634,
    "receivedKBytesPerSec" : 0.06095950704225352,
    "sentKBytesPerSec" : 0.13371478873239437
  },
  "Get Requested OTP2" : {
    "transaction" : "Get Requested OTP2",
    "sampleCount" : 10,
    "errorCount" : 0,
    "errorPct" : 0.0,
    "meanResTime" : 127.4,
    "medianResTime" : 56.5,
    "minResTime" : 22.0,
    "maxResTime" : 301.0,
    "pct1ResTime" : 297.0,
    "pct2ResTime" : 301.0,
    "pct3ResTime" : 301.0,
    "throughput" : 0.24050602467591814,
    "receivedKBytesPerSec" : 0.061770590322037564,
    "sentKBytesPerSec" : 0.1228365731499074
  },
  "Get Requested OTP1" : {
    "transaction" : "Get Requested OTP1",
    "sampleCount" : 10,
    "errorCount" : 0,
    "errorPct" : 0.0,
    "meanResTime" : 245.2,
    "medianResTime" : 259.5,
    "minResTime" : 21.0,
    "maxResTime" : 345.0,
    "pct1ResTime" : 340.90000000000003,
    "pct2ResTime" : 345.0,
    "pct3ResTime" : 345.0,
    "throughput" : 0.224069551188689,
    "receivedKBytesPerSec" : 0.05754911324475118,
    "sentKBytesPerSec" : 0.11444177272625423
  }
}