{
  "UserName" : {
    "transaction" : "UserName",
    "sampleCount" : 50,
    "errorCount" : 46,
    "errorPct" : 92.0,
    "meanResTime" : 7076.960000000002,
    "medianResTime" : 6853.0,
    "minResTime" : 16.0,
    "maxResTime" : 18918.0,
    "pct1ResTime" : 14823.4,
    "pct2ResTime" : 16883.149999999994,
    "pct3ResTime" : 18918.0,
    "throughput" : 0.7005941038000224,
    "receivedKBytesPerSec" : 0.216390530419796,
    "sentKBytesPerSec" : 0.3769798351502074
  },
  "Init V2" : {
    "transaction" : "Init V2",
    "sampleCount" : 50,
    "errorCount" : 46,
    "errorPct" : 92.0,
    "meanResTime" : 10147.98,
    "medianResTime" : 9498.5,
    "minResTime" : 1160.0,
    "maxResTime" : 24990.0,
    "pct1ResTime" : 18658.999999999996,
    "pct2ResTime" : 22856.999999999993,
    "pct3ResTime" : 24990.0,
    "throughput" : 0.8396869646995601,
    "receivedKBytesPerSec" : 0.261008164906123,
    "sentKBytesPerSec" : 0.0
  },
  "ResetOTP" : {
    "transaction" : "ResetOTP",
    "sampleCount" : 50,
    "errorCount" : 22,
    "errorPct" : 44.0,
    "meanResTime" : 6659.04,
    "medianResTime" : 1903.0,
    "minResTime" : 10.0,
    "maxResTime" : 21788.0,
    "pct1ResTime" : 14511.6,
    "pct2ResTime" : 15148.649999999994,
    "pct3ResTime" : 21788.0,
    "throughput" : 0.7080849135428321,
    "receivedKBytesPerSec" : 0.1955807977992721,
    "sentKBytesPerSec" : 0.36579777271890446
  },
  "Total" : {
    "transaction" : "Total",
    "sampleCount" : 450,
    "errorCount" : 331,
    "errorPct" : 73.55556,
    "meanResTime" : 7078.426666666674,
    "medianResTime" : 2802.0,
    "minResTime" : 5.0,
    "maxResTime" : 24990.0,
    "pct1ResTime" : 17558.0,
    "pct2ResTime" : 20522.05,
    "pct3ResTime" : 22187.77,
    "throughput" : 5.445766219307056,
    "receivedKBytesPerSec" : 1.7314298426476107,
    "sentKBytesPerSec" : 2.6829380362567012
  },
  "CreateAccount" : {
    "transaction" : "CreateAccount",
    "sampleCount" : 50,
    "errorCount" : 48,
    "errorPct" : 96.0,
    "meanResTime" : 14590.2,
    "medianResTime" : 16609.0,
    "minResTime" : 677.0,
    "maxResTime" : 18540.0,
    "pct1ResTime" : 17576.7,
    "pct2ResTime" : 17727.649999999998,
    "pct3ResTime" : 18540.0,
    "throughput" : 2.404539771087814,
    "receivedKBytesPerSec" : 0.6999934626574973,
    "sentKBytesPerSec" : 1.5591937578147541
  },
  "EmailVerify" : {
    "transaction" : "EmailVerify",
    "sampleCount" : 50,
    "errorCount" : 48,
    "errorPct" : 96.0,
    "meanResTime" : 1643.26,
    "medianResTime" : 1399.5,
    "minResTime" : 5.0,
    "maxResTime" : 13766.0,
    "pct1ResTime" : 2547.5,
    "pct2ResTime" : 6212.549999999979,
    "pct3ResTime" : 13766.0,
    "throughput" : 0.713205717057028,
    "receivedKBytesPerSec" : 0.23520465883804526,
    "sentKBytesPerSec" : 0.4236330520925456
  },
  "Register Device" : {
    "transaction" : "Register Device",
    "sampleCount" : 50,
    "errorCount" : 0,
    "errorPct" : 0.0,
    "meanResTime" : 1257.6799999999998,
    "medianResTime" : 435.0,
    "minResTime" : 36.0,
    "maxResTime" : 15829.0,
    "pct1ResTime" : 1002.6999999999998,
    "pct2ResTime" : 13464.799999999997,
    "pct3ResTime" : 15829.0,
    "throughput" : 2.9139227227693922,
    "receivedKBytesPerSec" : 1.49110889329215,
    "sentKBytesPerSec" : 1.4939545209511045
  },
  "VerifyOTP" : {
    "transaction" : "VerifyOTP",
    "sampleCount" : 50,
    "errorCount" : 47,
    "errorPct" : 94.0,
    "meanResTime" : 14316.380000000003,
    "medianResTime" : 11981.5,
    "minResTime" : 20.0,
    "maxResTime" : 22281.0,
    "pct1ResTime" : 21847.1,
    "pct2ResTime" : 22180.85,
    "pct3ResTime" : 22281.0,
    "throughput" : 1.2755102040816326,
    "receivedKBytesPerSec" : 0.34598214285714285,
    "sentKBytesPerSec" : 0.7550422512755102
  },
  "Get Requested OTP2" : {
    "transaction" : "Get Requested OTP2",
    "sampleCount" : 50,
    "errorCount" : 47,
    "errorPct" : 94.0,
    "meanResTime" : 1084.6399999999999,
    "medianResTime" : 267.0,
    "minResTime" : 16.0,
    "maxResTime" : 14348.0,
    "pct1ResTime" : 2034.599999999999,
    "pct2ResTime" : 7670.599999999953,
    "pct3ResTime" : 14348.0,
    "throughput" : 0.729682004582403,
    "receivedKBytesPerSec" : 0.22169791529851293,
    "sentKBytesPerSec" : 0.3805177641084016
  },
  "Get Requested OTP1" : {
    "transaction" : "Get Requested OTP1",
    "sampleCount" : 50,
    "errorCount" : 27,
    "errorPct" : 54.0,
    "meanResTime" : 6929.699999999999,
    "medianResTime" : 9166.0,
    "minResTime" : 29.0,
    "maxResTime" : 21815.0,
    "pct1ResTime" : 14126.699999999999,
    "pct2ResTime" : 21337.499999999996,
    "pct3ResTime" : 21815.0,
    "throughput" : 1.4590446175844058,
    "receivedKBytesPerSec" : 0.376216934401354,
    "sentKBytesPerSec" : 0.7451956396451603
  }
}