{
  "GetRequestedOTP" : {
    "transaction" : "GetRequestedOTP",
    "sampleCount" : 1,
    "errorCount" : 1,
    "errorPct" : 100.0,
    "meanResTime" : 130211.0,
    "medianResTime" : 130211.0,
    "minResTime" : 130211.0,
    "maxResTime" : 130211.0,
    "pct1ResTime" : 130211.0,
    "pct2ResTime" : 130211.0,
    "pct3ResTime" : 130211.0,
    "throughput" : 0.00767984271682116,
    "receivedKBytesPerSec" : 0.02040708206295935,
    "sentKBytesPerSec" : 0.0
  },
  "UserName" : {
    "transaction" : "UserName",
    "sampleCount" : 1,
    "errorCount" : 1,
    "errorPct" : 100.0,
    "meanResTime" : 130209.0,
    "medianResTime" : 130209.0,
    "minResTime" : 130209.0,
    "maxResTime" : 130209.0,
    "pct1ResTime" : 130209.0,
    "pct2ResTime" : 130209.0,
    "pct3ResTime" : 130209.0,
    "throughput" : 0.007679960678601325,
    "receivedKBytesPerSec" : 0.020407395514134966,
    "sentKBytesPerSec" : 0.0
  },
  "ResetOTP" : {
    "transaction" : "ResetOTP",
    "sampleCount" : 1,
    "errorCount" : 1,
    "errorPct" : 100.0,
    "meanResTime" : 130216.0,
    "medianResTime" : 130216.0,
    "minResTime" : 130216.0,
    "maxResTime" : 130216.0,
    "pct1ResTime" : 130216.0,
    "pct2ResTime" : 130216.0,
    "pct3ResTime" : 130216.0,
    "throughput" : 0.007679547828223874,
    "receivedKBytesPerSec" : 0.020406298477145663,
    "sentKBytesPerSec" : 0.0
  },
  "Total" : {
    "transaction" : "Total",
    "sampleCount" : 8,
    "errorCount" : 8,
    "errorPct" : 100.0,
    "meanResTime" : 130234.12499999999,
    "medianResTime" : 130211.0,
    "minResTime" : 130161.0,
    "maxResTime" : 130441.0,
    "pct1ResTime" : 130441.0,
    "pct2ResTime" : 130441.0,
    "pct3ResTime" : 130441.0,
    "throughput" : 0.007333031456871693,
    "receivedKBytesPerSec" : 0.018916213470045483,
    "sentKBytesPerSec" : 0.0
  },
  "CreateAccount" : {
    "transaction" : "CreateAccount",
    "sampleCount" : 1,
    "errorCount" : 1,
    "errorPct" : 100.0,
    "meanResTime" : 130161.0,
    "medianResTime" : 130161.0,
    "minResTime" : 130161.0,
    "maxResTime" : 130161.0,
    "pct1ResTime" : 130161.0,
    "pct2ResTime" : 130161.0,
    "pct3ResTime" : 130161.0,
    "throughput" : 0.0076827928488564165,
    "receivedKBytesPerSec" : 0.020414921232166316,
    "sentKBytesPerSec" : 0.0
  },
  "RegisterDevice" : {
    "transaction" : "RegisterDevice",
    "sampleCount" : 1,
    "errorCount" : 1,
    "errorPct" : 100.0,
    "meanResTime" : 130441.0,
    "medianResTime" : 130441.0,
    "minResTime" : 130441.0,
    "maxResTime" : 130441.0,
    "pct1ResTime" : 130441.0,
    "pct2ResTime" : 130441.0,
    "pct3ResTime" : 130441.0,
    "throughput" : 0.007666301239640911,
    "receivedKBytesPerSec" : 0.020371099290100506,
    "sentKBytesPerSec" : 0.0
  },
  "Initv1" : {
    "transaction" : "Initv1",
    "sampleCount" : 1,
    "errorCount" : 1,
    "errorPct" : 100.0,
    "meanResTime" : 130211.0,
    "medianResTime" : 130211.0,
    "minResTime" : 130211.0,
    "maxResTime" : 130211.0,
    "pct1ResTime" : 130211.0,
    "pct2ResTime" : 130211.0,
    "pct3ResTime" : 130211.0,
    "throughput" : 0.00767984271682116,
    "receivedKBytesPerSec" : 0.015637179750558707,
    "sentKBytesPerSec" : 0.0
  },
  "VerifyOTP" : {
    "transaction" : "VerifyOTP",
    "sampleCount" : 1,
    "errorCount" : 1,
    "errorPct" : 100.0,
    "meanResTime" : 130211.0,
    "medianResTime" : 130211.0,
    "minResTime" : 130211.0,
    "maxResTime" : 130211.0,
    "pct1ResTime" : 130211.0,
    "pct2ResTime" : 130211.0,
    "pct3ResTime" : 130211.0,
    "throughput" : 0.00767984271682116,
    "receivedKBytesPerSec" : 0.02040708206295935,
    "sentKBytesPerSec" : 0.0
  },
  "CreatedAccount-GetRequestedOTP" : {
    "transaction" : "CreatedAccount-GetRequestedOTP",
    "sampleCount" : 1,
    "errorCount" : 1,
    "errorPct" : 100.0,
    "meanResTime" : 130213.0,
    "medianResTime" : 130213.0,
    "minResTime" : 130213.0,
    "maxResTime" : 130213.0,
    "pct1ResTime" : 130213.0,
    "pct2ResTime" : 130213.0,
    "pct3ResTime" : 130213.0,
    "throughput" : 0.007679724758664649,
    "receivedKBytesPerSec" : 0.02040676862141261,
    "sentKBytesPerSec" : 0.0
  }
}