{
  "GetRequestedOTP" : {
    "transaction" : "GetRequestedOTP",
    "sampleCount" : 10,
    "errorCount" : 1,
    "errorPct" : 10.0,
    "meanResTime" : 6.5,
    "medianResTime" : 5.5,
    "minResTime" : 4.0,
    "maxResTime" : 13.0,
    "pct1ResTime" : 12.500000000000002,
    "pct2ResTime" : 13.0,
    "pct3ResTime" : 13.0,
    "throughput" : 0.10682619378271553,
    "receivedKBytesPerSec" : 0.02541295000534131,
    "sentKBytesPerSec" : 0.05999584379339814
  },
  "UserName" : {
    "transaction" : "UserName",
    "sampleCount" : 10,
    "errorCount" : 4,
    "errorPct" : 40.0,
    "meanResTime" : 1181.1,
    "medianResTime" : 1339.5,
    "minResTime" : 78.0,
    "maxResTime" : 2590.0,
    "pct1ResTime" : 2479.3,
    "pct2ResTime" : 2590.0,
    "pct3ResTime" : 2590.0,
    "throughput" : 0.11309274736211167,
    "receivedKBytesPerSec" : 0.0910816296382163,
    "sentKBytesPerSec" : 0.04546902743064587
  },
  "ResetOTP" : {
    "transaction" : "ResetOTP",
    "sampleCount" : 10,
    "errorCount" : 1,
    "errorPct" : 10.0,
    "meanResTime" : 15260.999999999998,
    "medianResTime" : 16909.5,
    "minResTime" : 2.0,
    "maxResTime" : 26799.0,
    "pct1ResTime" : 26618.4,
    "pct2ResTime" : 26799.0,
    "pct3ResTime" : 26799.0,
    "throughput" : 0.10205227117329496,
    "receivedKBytesPerSec" : 0.024277278572084622,
    "sentKBytesPerSec" : 0.057912670682423534
  },
  "Total" : {
    "transaction" : "Total",
    "sampleCount" : 80,
    "errorCount" : 7,
    "errorPct" : 8.75,
    "meanResTime" : 7234.7875,
    "medianResTime" : 1585.5,
    "minResTime" : 2.0,
    "maxResTime" : 26899.0,
    "pct1ResTime" : 24561.9,
    "pct2ResTime" : 25907.35,
    "pct3ResTime" : 26899.0,
    "throughput" : 0.7465541858360007,
    "receivedKBytesPerSec" : 0.2930717292761224,
    "sentKBytesPerSec" : 0.347933255139559
  },
  "CreateAccount" : {
    "transaction" : "CreateAccount",
    "sampleCount" : 10,
    "errorCount" : 0,
    "errorPct" : 0.0,
    "meanResTime" : 17243.5,
    "medianResTime" : 18466.0,
    "minResTime" : 2061.0,
    "maxResTime" : 26899.0,
    "pct1ResTime" : 26839.5,
    "pct2ResTime" : 26899.0,
    "pct3ResTime" : 26899.0,
    "throughput" : 0.14094631354916914,
    "receivedKBytesPerSec" : 0.0348236497343162,
    "sentKBytesPerSec" : 0.09043137500176184
  },
  "RegisterDevice" : {
    "transaction" : "RegisterDevice",
    "sampleCount" : 10,
    "errorCount" : 0,
    "errorPct" : 0.0,
    "meanResTime" : 72.5,
    "medianResTime" : 83.5,
    "minResTime" : 19.0,
    "maxResTime" : 96.0,
    "pct1ResTime" : 95.6,
    "pct2ResTime" : 96.0,
    "pct3ResTime" : 96.0,
    "throughput" : 0.22310970304098524,
    "receivedKBytesPerSec" : 0.10894028468798109,
    "sentKBytesPerSec" : 0.103711151022958
  },
  "Initv1" : {
    "transaction" : "Initv1",
    "sampleCount" : 10,
    "errorCount" : 1,
    "errorPct" : 10.0,
    "meanResTime" : 4052.8,
    "medianResTime" : 2190.5,
    "minResTime" : 1890.0,
    "maxResTime" : 11894.0,
    "pct1ResTime" : 11644.7,
    "pct2ResTime" : 11894.0,
    "pct3ResTime" : 11894.0,
    "throughput" : 0.10287642483848401,
    "receivedKBytesPerSec" : 0.06620660543804782,
    "sentKBytesPerSec" : 0.0
  },
  "VerifyOTP" : {
    "transaction" : "VerifyOTP",
    "sampleCount" : 10,
    "errorCount" : 0,
    "errorPct" : 0.0,
    "meanResTime" : 19475.400000000005,
    "medianResTime" : 22537.0,
    "minResTime" : 1688.0,
    "maxResTime" : 25800.0,
    "pct1ResTime" : 25779.5,
    "pct2ResTime" : 25800.0,
    "pct3ResTime" : 25800.0,
    "throughput" : 0.11174058306236241,
    "receivedKBytesPerSec" : 0.02760778077615009,
    "sentKBytesPerSec" : 0.06558211955124982
  },
  "CreatedAccount-GetRequestedOTP" : {
    "transaction" : "CreatedAccount-GetRequestedOTP",
    "sampleCount" : 10,
    "errorCount" : 0,
    "errorPct" : 0.0,
    "meanResTime" : 585.5,
    "medianResTime" : 590.0,
    "minResTime" : 304.0,
    "maxResTime" : 899.0,
    "pct1ResTime" : 898.4,
    "pct2ResTime" : 899.0,
    "pct3ResTime" : 899.0,
    "throughput" : 0.14452537865649207,
    "receivedKBytesPerSec" : 0.033731997557521105,
    "sentKBytesPerSec" : 0.07282724158862297
  }
}