{
  "GetRequestedOTP" : {
    "transaction" : "GetRequestedOTP",
    "sampleCount" : 10,
    "errorCount" : 0,
    "errorPct" : 0.0,
    "meanResTime" : 10.799999999999999,
    "medianResTime" : 6.0,
    "minResTime" : 5.0,
    "maxResTime" : 50.0,
    "pct1ResTime" : 45.80000000000001,
    "pct2ResTime" : 50.0,
    "pct3ResTime" : 50.0,
    "throughput" : 0.2231943576466387,
    "receivedKBytesPerSec" : 0.052093214333541644,
    "sentKBytesPerSec" : 0.1329575763324703
  },
  "UserName" : {
    "transaction" : "UserName",
    "sampleCount" : 10,
    "errorCount" : 0,
    "errorPct" : 0.0,
    "meanResTime" : 663.6,
    "medianResTime" : 649.0,
    "minResTime" : 563.0,
    "maxResTime" : 872.0,
    "pct1ResTime" : 859.6,
    "pct2ResTime" : 872.0,
    "pct3ResTime" : 872.0,
    "throughput" : 0.21926939437793272,
    "receivedKBytesPerSec" : 0.06261169034776126,
    "sentKBytesPerSec" : 0.13661511095031356
  },
  "ResetOTP" : {
    "transaction" : "ResetOTP",
    "sampleCount" : 10,
    "errorCount" : 0,
    "errorPct" : 0.0,
    "meanResTime" : 27.6,
    "medianResTime" : 20.5,
    "minResTime" : 17.0,
    "maxResTime" : 61.0,
    "pct1ResTime" : 58.70000000000001,
    "pct2ResTime" : 61.0,
    "pct3ResTime" : 61.0,
    "throughput" : 0.22335887069754976,
    "receivedKBytesPerSec" : 0.052131611422572645,
    "sentKBytesPerSec" : 0.13436432065399478
  },
  "Total" : {
    "transaction" : "Total",
    "sampleCount" : 80,
    "errorCount" : 0,
    "errorPct" : 0.0,
    "meanResTime" : 225.0875,
    "medianResTime" : 20.0,
    "minResTime" : 5.0,
    "maxResTime" : 1015.0,
    "pct1ResTime" : 748.0,
    "pct2ResTime" : 871.0500000000001,
    "pct3ResTime" : 1015.0,
    "throughput" : 0.8331337283775763,
    "receivedKBytesPerSec" : 0.2756501046624246,
    "sentKBytesPerSec" : 0.41839748029118023
  },
  "CreateAccount" : {
    "transaction" : "CreateAccount",
    "sampleCount" : 10,
    "errorCount" : 0,
    "errorPct" : 0.0,
    "meanResTime" : 254.0,
    "medianResTime" : 250.5,
    "minResTime" : 196.0,
    "maxResTime" : 382.0,
    "pct1ResTime" : 372.70000000000005,
    "pct2ResTime" : 382.0,
    "pct3ResTime" : 382.0,
    "throughput" : 0.22235563560358437,
    "receivedKBytesPerSec" : 0.05493747637471372,
    "sentKBytesPerSec" : 0.14266372323394036
  },
  "RegisterDevice" : {
    "transaction" : "RegisterDevice",
    "sampleCount" : 10,
    "errorCount" : 0,
    "errorPct" : 0.0,
    "meanResTime" : 16.700000000000003,
    "medianResTime" : 8.0,
    "minResTime" : 6.0,
    "maxResTime" : 61.0,
    "pct1ResTime" : 57.70000000000001,
    "pct2ResTime" : 61.0,
    "pct3ResTime" : 61.0,
    "throughput" : 0.22276676319893074,
    "receivedKBytesPerSec" : 0.10877283359322788,
    "sentKBytesPerSec" : 0.10355173758075295
  },
  "Initv1" : {
    "transaction" : "Initv1",
    "sampleCount" : 10,
    "errorCount" : 0,
    "errorPct" : 0.0,
    "meanResTime" : 810.5,
    "medianResTime" : 794.5,
    "minResTime" : 651.0,
    "maxResTime" : 1015.0,
    "pct1ResTime" : 1005.3000000000001,
    "pct2ResTime" : 1015.0,
    "pct3ResTime" : 1015.0,
    "throughput" : 0.21887106305675327,
    "receivedKBytesPerSec" : 0.14855018439887063,
    "sentKBytesPerSec" : 0.0
  },
  "VerifyOTP" : {
    "transaction" : "VerifyOTP",
    "sampleCount" : 10,
    "errorCount" : 0,
    "errorPct" : 0.0,
    "meanResTime" : 11.3,
    "medianResTime" : 11.0,
    "minResTime" : 8.0,
    "maxResTime" : 17.0,
    "pct1ResTime" : 16.6,
    "pct2ResTime" : 17.0,
    "pct3ResTime" : 17.0,
    "throughput" : 0.22376871265859608,
    "receivedKBytesPerSec" : 0.055286605764282036,
    "sentKBytesPerSec" : 0.1313330042068518
  },
  "CreatedAccount-GetRequestedOTP" : {
    "transaction" : "CreatedAccount-GetRequestedOTP",
    "sampleCount" : 10,
    "errorCount" : 0,
    "errorPct" : 0.0,
    "meanResTime" : 6.199999999999999,
    "medianResTime" : 6.0,
    "minResTime" : 5.0,
    "maxResTime" : 9.0,
    "pct1ResTime" : 8.8,
    "pct2ResTime" : 9.0,
    "pct3ResTime" : 9.0,
    "throughput" : 0.2237787275941549,
    "receivedKBytesPerSec" : 0.05222960536621389,
    "sentKBytesPerSec" : 0.11276349945174212
  }
}