{
  "List All the Recent Stories for the user V1" : {
    "transaction" : "List All the Recent Stories for the user V1",
    "sampleCount" : 30,
    "errorCount" : 1,
    "errorPct" : 3.3333333,
    "meanResTime" : 11236.7,
    "medianResTime" : 7984.5,
    "minResTime" : 215.0,
    "maxResTime" : 30803.0,
    "pct1ResTime" : 29189.40000000001,
    "pct2ResTime" : 30173.8,
    "pct3ResTime" : 30803.0,
    "throughput" : 0.11994146856334109,
    "receivedKBytesPerSec" : 0.03221865229767873,
    "sentKBytesPerSec" : 0.07308933240578597
  },
  "List all the Flicks feed for a user V2" : {
    "transaction" : "List all the Flicks feed for a user V2",
    "sampleCount" : 30,
    "errorCount" : 0,
    "errorPct" : 0.0,
    "meanResTime" : 6542.499999999998,
    "medianResTime" : 946.5,
    "minResTime" : 177.0,
    "maxResTime" : 28696.0,
    "pct1ResTime" : 18393.2,
    "pct2ResTime" : 27541.0,
    "pct3ResTime" : 28696.0,
    "throughput" : 0.11856629634460109,
    "receivedKBytesPerSec" : 0.033230983448145034,
    "sentKBytesPerSec" : 0.07190397463866921
  },
  "findPlace" : {
    "transaction" : "findPlace",
    "sampleCount" : 30,
    "errorCount" : 0,
    "errorPct" : 0.0,
    "meanResTime" : 8330.8,
    "medianResTime" : 2647.0,
    "minResTime" : 978.0,
    "maxResTime" : 31651.0,
    "pct1ResTime" : 24096.100000000006,
    "pct2ResTime" : 30730.3,
    "pct3ResTime" : 31651.0,
    "throughput" : 0.13750744832011735,
    "receivedKBytesPerSec" : 0.03383972361002888,
    "sentKBytesPerSec" : 0.08513644749507265
  },
  "Get Feed on Story V1" : {
    "transaction" : "Get Feed on Story V1",
    "sampleCount" : 30,
    "errorCount" : 0,
    "errorPct" : 0.0,
    "meanResTime" : 6709.700000000001,
    "medianResTime" : 1810.5,
    "minResTime" : 194.0,
    "maxResTime" : 32063.0,
    "pct1ResTime" : 19956.8,
    "pct2ResTime" : 30170.449999999997,
    "pct3ResTime" : 32063.0,
    "throughput" : 0.12444776305145915,
    "receivedKBytesPerSec" : 0.033421030116358656,
    "sentKBytesPerSec" : 0.0811827204281003
  },
  "List all the Recent Stories for User V2" : {
    "transaction" : "List all the Recent Stories for User V2",
    "sampleCount" : 30,
    "errorCount" : 0,
    "errorPct" : 0.0,
    "meanResTime" : 5156.666666666666,
    "medianResTime" : 988.0,
    "minResTime" : 223.0,
    "maxResTime" : 24699.0,
    "pct1ResTime" : 18997.700000000004,
    "pct2ResTime" : 24151.2,
    "pct3ResTime" : 24699.0,
    "throughput" : 0.11960577935125825,
    "receivedKBytesPerSec" : 0.03212069269687111,
    "sentKBytesPerSec" : 0.072884771792173
  },
  "RegisterDevice" : {
    "transaction" : "RegisterDevice",
    "sampleCount" : 30,
    "errorCount" : 0,
    "errorPct" : 0.0,
    "meanResTime" : 39.96666666666667,
    "medianResTime" : 22.0,
    "minResTime" : 15.0,
    "maxResTime" : 327.0,
    "pct1ResTime" : 54.900000000000006,
    "pct2ResTime" : 205.99999999999983,
    "pct3ResTime" : 327.0,
    "throughput" : 0.2071708745373184,
    "receivedKBytesPerSec" : 0.1060132209546434,
    "sentKBytesPerSec" : 0.09771829336086404
  },
  "login" : {
    "transaction" : "login",
    "sampleCount" : 30,
    "errorCount" : 0,
    "errorPct" : 0.0,
    "meanResTime" : 1255.8666666666666,
    "medianResTime" : 1277.0,
    "minResTime" : 624.0,
    "maxResTime" : 1969.0,
    "pct1ResTime" : 1844.0000000000005,
    "pct2ResTime" : 1958.55,
    "pct3ResTime" : 1969.0,
    "throughput" : 0.20585450203795957,
    "receivedKBytesPerSec" : 0.15157645950841944,
    "sentKBytesPerSec" : 0.13187554036806784
  },
  "List all the flicks feed for a user V1" : {
    "transaction" : "List all the flicks feed for a user V1",
    "sampleCount" : 30,
    "errorCount" : 0,
    "errorPct" : 0.0,
    "meanResTime" : 5849.000000000001,
    "medianResTime" : 914.0,
    "minResTime" : 165.0,
    "maxResTime" : 34666.0,
    "pct1ResTime" : 24542.400000000016,
    "pct2ResTime" : 34223.8,
    "pct3ResTime" : 34666.0,
    "throughput" : 0.11813674722280197,
    "receivedKBytesPerSec" : 1.8687295229638146,
    "sentKBytesPerSec" : 0.07164347658726564
  },
  "createStory" : {
    "transaction" : "createStory",
    "sampleCount" : 30,
    "errorCount" : 0,
    "errorPct" : 0.0,
    "meanResTime" : 3751.2666666666664,
    "medianResTime" : 451.0,
    "minResTime" : 192.0,
    "maxResTime" : 25078.0,
    "pct1ResTime" : 19764.70000000002,
    "pct2ResTime" : 23545.149999999998,
    "pct3ResTime" : 25078.0,
    "throughput" : 0.20019752822785147,
    "receivedKBytesPerSec" : 0.5751768828577529,
    "sentKBytesPerSec" : 0.7403789447254624
  },
  "storyDetails" : {
    "transaction" : "storyDetails",
    "sampleCount" : 30,
    "errorCount" : 1,
    "errorPct" : 3.3333333,
    "meanResTime" : 8206.300000000001,
    "medianResTime" : 1705.0,
    "minResTime" : 548.0,
    "maxResTime" : 32777.0,
    "pct1ResTime" : 24557.500000000004,
    "pct2ResTime" : 31043.949999999997,
    "pct3ResTime" : 32777.0,
    "throughput" : 0.12620154386555327,
    "receivedKBytesPerSec" : 0.34603543108344026,
    "sentKBytesPerSec" : 0.08380571272321898
  },
  "Total" : {
    "transaction" : "Total",
    "sampleCount" : 540,
    "errorCount" : 3,
    "errorPct" : 0.5555556,
    "meanResTime" : 6666.070370370371,
    "medianResTime" : 1216.0,
    "minResTime" : 15.0,
    "maxResTime" : 34897.0,
    "pct1ResTime" : 23049.000000000007,
    "pct2ResTime" : 28331.749999999927,
    "pct3ResTime" : 33880.880000000005,
    "throughput" : 1.796981071799377,
    "receivedKBytesPerSec" : 3.9895865570840985,
    "sentKBytesPerSec" : 1.4434734021843303
  },
  "getStory" : {
    "transaction" : "getStory",
    "sampleCount" : 30,
    "errorCount" : 0,
    "errorPct" : 0.0,
    "meanResTime" : 7873.666666666667,
    "medianResTime" : 1740.5,
    "minResTime" : 556.0,
    "maxResTime" : 28721.0,
    "pct1ResTime" : 25490.0,
    "pct2ResTime" : 27839.899999999998,
    "pct3ResTime" : 28721.0,
    "throughput" : 0.17291564598403414,
    "receivedKBytesPerSec" : 0.4888581983630652,
    "sentKBytesPerSec" : 0.11482679616127266
  },
  "List all the Explore feed for the user V2" : {
    "transaction" : "List all the Explore feed for the user V2",
    "sampleCount" : 30,
    "errorCount" : 0,
    "errorPct" : 0.0,
    "meanResTime" : 6480.3,
    "medianResTime" : 646.5,
    "minResTime" : 165.0,
    "maxResTime" : 34097.0,
    "pct1ResTime" : 23402.100000000006,
    "pct2ResTime" : 31519.699999999997,
    "pct3ResTime" : 34097.0,
    "throughput" : 0.11828766772205551,
    "receivedKBytesPerSec" : 0.03420022997094066,
    "sentKBytesPerSec" : 0.0762400983364811
  },
  "List All the Explore Feed for the user v1" : {
    "transaction" : "List All the Explore Feed for the user v1",
    "sampleCount" : 30,
    "errorCount" : 0,
    "errorPct" : 0.0,
    "meanResTime" : 11627.066666666666,
    "medianResTime" : 8378.0,
    "minResTime" : 180.0,
    "maxResTime" : 31336.0,
    "pct1ResTime" : 29341.800000000003,
    "pct2ResTime" : 30559.95,
    "pct3ResTime" : 31336.0,
    "throughput" : 0.11964107676969092,
    "receivedKBytesPerSec" : 0.03307265702891326,
    "sentKBytesPerSec" : 0.07711241276171485
  },
  "userStories" : {
    "transaction" : "userStories",
    "sampleCount" : 30,
    "errorCount" : 1,
    "errorPct" : 3.3333333,
    "meanResTime" : 8479.0,
    "medianResTime" : 1336.0,
    "minResTime" : 328.0,
    "maxResTime" : 33894.0,
    "pct1ResTime" : 26664.700000000004,
    "pct2ResTime" : 33314.3,
    "pct3ResTime" : 33894.0,
    "throughput" : 0.1263956182852328,
    "receivedKBytesPerSec" : 0.40632982014956814,
    "sentKBytesPerSec" : 0.08146592584790394
  },
  "AllStoriesByAUser" : {
    "transaction" : "AllStoriesByAUser",
    "sampleCount" : 30,
    "errorCount" : 0,
    "errorPct" : 0.0,
    "meanResTime" : 7422.700000000001,
    "medianResTime" : 838.5,
    "minResTime" : 337.0,
    "maxResTime" : 29726.0,
    "pct1ResTime" : 26015.7,
    "pct2ResTime" : 28402.699999999997,
    "pct3ResTime" : 29726.0,