{
  "GetRequestedOTP" : {
    "transaction" : "GetRequestedOTP",
    "sampleCount" : 50,
    "errorCount" : 0,
    "errorPct" : 0.0,
    "meanResTime" : 18.859999999999992,
    "medianResTime" : 8.0,
    "minResTime" : 4.0,
    "maxResTime" : 102.0,
    "pct1ResTime" : 76.79999999999994,
    "pct2ResTime" : 93.59999999999997,
    "pct3ResTime" : 102.0,
    "throughput" : 0.12233882471537871,
    "receivedKBytesPerSec" : 0.028553690534155775,
    "sentKBytesPerSec" : 0.07287762019177833
  },
  "UserName" : {
    "transaction" : "UserName",
    "sampleCount" : 50,
    "errorCount" : 0,
    "errorPct" : 0.0,
    "meanResTime" : 1716.1599999999996,
    "medianResTime" : 1731.0,
    "minResTime" : 570.0,
    "maxResTime" : 2687.0,
    "pct1ResTime" : 2424.9,
    "pct2ResTime" : 2539.4499999999994,
    "pct3ResTime" : 2687.0,
    "throughput" : 0.12076186243774725,
    "receivedKBytesPerSec" : 0.034464303397272716,
    "sentKBytesPerSec" : 0.0752403010110183
  },
  "ResetOTP" : {
    "transaction" : "ResetOTP",
    "sampleCount" : 50,
    "errorCount" : 34,
    "errorPct" : 68.0,
    "meanResTime" : 52619.29999999999,
    "medianResTime" : 60003.0,
    "minResTime" : 10599.0,
    "maxResTime" : 60091.0,
    "pct1ResTime" : 60086.9,
    "pct2ResTime" : 60087.45,
    "pct3ResTime" : 60091.0,
    "throughput" : 0.11798212806724037,
    "receivedKBytesPerSec" : 0.17099112951370127,
    "sentKBytesPerSec" : 0.02271155965294377
  },
  "Total" : {
    "transaction" : "Total",
    "sampleCount" : 400,
    "errorCount" : 106,
    "errorPct" : 26.5,
    "meanResTime" : 22839.2125,
    "medianResTime" : 1989.0,
    "minResTime" : 4.0,
    "maxResTime" : 64120.0,
    "pct1ResTime" : 60078.9,
    "pct2ResTime" : 60088.95,
    "pct3ResTime" : 63300.9,
    "throughput" : 0.9121653208427496,
    "receivedKBytesPerSec" : 0.7317587958391579,
    "sentKBytesPerSec" : 0.31096464048144085
  },
  "CreateAccount" : {
    "transaction" : "CreateAccount",
    "sampleCount" : 50,
    "errorCount" : 33,
    "errorPct" : 66.0,
    "meanResTime" : 50103.999999999985,
    "medianResTime" : 60002.0,
    "minResTime" : 2361.0,
    "maxResTime" : 60094.0,
    "pct1ResTime" : 60004.0,
    "pct2ResTime" : 60009.15,
    "pct3ResTime" : 60094.0,
    "throughput" : 0.16411629937438865,
    "receivedKBytesPerSec" : 0.23274704323972142,
    "sentKBytesPerSec" : 0.035801073197510684
  },
  "RegisterDevice" : {
    "transaction" : "RegisterDevice",
    "sampleCount" : 50,
    "errorCount" : 0,
    "errorPct" : 0.0,
    "meanResTime" : 59.360000000000014,
    "medianResTime" : 61.5,
    "minResTime" : 15.0,
    "maxResTime" : 100.0,
    "pct1ResTime" : 68.0,
    "pct2ResTime" : 70.89999999999999,
    "pct3ResTime" : 100.0,
    "throughput" : 0.20419414779572417,
    "receivedKBytesPerSec" : 0.09970417372838095,
    "sentKBytesPerSec" : 0.09491837338941865
  },
  "Initv1" : {
    "transaction" : "Initv1",
    "sampleCount" : 50,
    "errorCount" : 0,
    "errorPct" : 0.0,
    "meanResTime" : 25000.719999999998,
    "medianResTime" : 3151.0,
    "minResTime" : 1678.0,
    "maxResTime" : 64120.0,
    "pct1ResTime" : 63282.7,
    "pct2ResTime" : 63512.9,
    "pct3ResTime" : 64120.0,
    "throughput" : 0.12136246356092031,
    "receivedKBytesPerSec" : 0.08237003142074183,
    "sentKBytesPerSec" : 0.0
  },
  "VerifyOTP" : {
    "transaction" : "VerifyOTP",
    "sampleCount" : 50,
    "errorCount" : 39,
    "errorPct" : 78.0,
    "meanResTime" : 52974.44,
    "medianResTime" : 60003.5,
    "minResTime" : 95.0,
    "maxResTime" : 60089.0,
    "pct1ResTime" : 60087.0,
    "pct2ResTime" : 60088.0,
    "pct3ResTime" : 60089.0,
    "throughput" : 0.1383160299979806,
    "receivedKBytesPerSec" : 0.22560911353947954,
    "sentKBytesPerSec" : 0.017859517076497064
  },
  "CreatedAccount-GetRequestedOTP" : {
    "transaction" : "CreatedAccount-GetRequestedOTP",
    "sampleCount" : 50,
    "errorCount" : 0,
    "errorPct" : 0.0,
    "meanResTime" : 220.8600000000001,
    "medianResTime" : 91.5,
    "minResTime" : 4.0,
    "maxResTime" : 1003.0,
    "pct1ResTime" : 779.4999999999999,
    "pct2ResTime" : 843.4499999999996,
    "pct3ResTime" : 1003.0,
    "throughput" : 0.16539587502687683,
    "receivedKBytesPerSec" : 0.038603138800218324,
    "sentKBytesPerSec" : 0.08334401515026216
  }
}