{
  "GetRequestedOTP" : {
    "transaction" : "GetRequestedOTP",
    "sampleCount" : 100,
    "errorCount" : 38,
    "errorPct" : 38.0,
    "meanResTime" : 15130.040000000006,
    "medianResTime" : 12623.5,
    "minResTime" : 3.0,
    "maxResTime" : 40617.0,
    "pct1ResTime" : 37967.5,
    "pct2ResTime" : 39517.85,
    "pct3ResTime" : 40611.7,
    "throughput" : 0.7040666891968007,
    "receivedKBytesPerSec" : 0.1917481623859412,
    "sentKBytesPerSec" : 0.3426412049749352
  },
  "UserName" : {
    "transaction" : "UserName",
    "sampleCount" : 100,
    "errorCount" : 43,
    "errorPct" : 43.0,
    "meanResTime" : 5726.57,
    "medianResTime" : 1271.5,
    "minResTime" : 3.0,
    "maxResTime" : 44024.0,
    "pct1ResTime" : 22648.200000000015,
    "pct2ResTime" : 29133.299999999996,
    "pct3ResTime" : 43892.26999999993,
    "throughput" : 0.7053131237612938,
    "receivedKBytesPerSec" : 0.21279930623637863,
    "sentKBytesPerSec" : 0.3625337007426947
  },
  "ResetOTP" : {
    "transaction" : "ResetOTP",
    "sampleCount" : 100,
    "errorCount" : 49,
    "errorPct" : 49.0,
    "meanResTime" : 9843.37,
    "medianResTime" : 995.5,
    "minResTime" : 3.0,
    "maxResTime" : 38010.0,
    "pct1ResTime" : 29887.7,
    "pct2ResTime" : 30670.3,
    "pct3ResTime" : 38005.2,
    "throughput" : 0.7036208328056177,
    "receivedKBytesPerSec" : 0.1923276084983324,
    "sentKBytesPerSec" : 0.3465470027511574
  },
  "Total" : {
    "transaction" : "Total",
    "sampleCount" : 800,
    "errorCount" : 232,
    "errorPct" : 29.0,
    "meanResTime" : 13839.917500000001,
    "medianResTime" : 3565.0,
    "minResTime" : 3.0,
    "maxResTime" : 49370.0,
    "pct1ResTime" : 39479.7,
    "pct2ResTime" : 41532.65,
    "pct3ResTime" : 45376.95,
    "throughput" : 4.011774558328695,
    "receivedKBytesPerSec" : 1.3804676882901314,
    "sentKBytesPerSec" : 1.8638395095856337
  },
  "CreateAccount" : {
    "transaction" : "CreateAccount",
    "sampleCount" : 100,
    "errorCount" : 26,
    "errorPct" : 26.0,
    "meanResTime" : 4768.459999999999,
    "medianResTime" : 3671.5,
    "minResTime" : 472.0,
    "maxResTime" : 38206.0,
    "pct1ResTime" : 4632.9,
    "pct2ResTime" : 4735.85,
    "pct3ResTime" : 38169.93999999998,
    "throughput" : 1.3023037753786448,
    "receivedKBytesPerSec" : 0.3652427941904228,
    "sentKBytesPerSec" : 0.84446260434709
  },
  "RegisterDevice" : {
    "transaction" : "RegisterDevice",
    "sampleCount" : 100,
    "errorCount" : 0,
    "errorPct" : 0.0,
    "meanResTime" : 20135.250000000004,
    "medianResTime" : 19260.5,
    "minResTime" : 26.0,
    "maxResTime" : 40663.0,
    "pct1ResTime" : 39939.1,
    "pct2ResTime" : 40288.65,
    "pct3ResTime" : 40660.68,
    "throughput" : 2.388630120625821,
    "receivedKBytesPerSec" : 1.2223068195389943,
    "sentKBytesPerSec" : 1.1266683088498746
  },
  "Initv1" : {
    "transaction" : "Initv1",
    "sampleCount" : 100,
    "errorCount" : 34,
    "errorPct" : 34.0,
    "meanResTime" : 16283.839999999998,
    "medianResTime" : 5438.5,
    "minResTime" : 405.0,
    "maxResTime" : 49370.0,
    "pct1ResTime" : 44228.3,
    "pct2ResTime" : 45171.549999999996,
    "pct3ResTime" : 49365.119999999995,
    "throughput" : 0.7440365470751923,
    "receivedKBytesPerSec" : 0.42726879994345324,
    "sentKBytesPerSec" : 0.0
  },
  "VerifyOTP" : {
    "transaction" : "VerifyOTP",
    "sampleCount" : 100,
    "errorCount" : 30,
    "errorPct" : 30.0,
    "meanResTime" : 15885.469999999998,
    "medianResTime" : 1991.5,
    "minResTime" : 10.0,
    "maxResTime" : 45423.0,
    "pct1ResTime" : 43875.5,
    "pct2ResTime" : 45370.35,
    "pct3ResTime" : 45422.76,
    "throughput" : 0.8989006445117621,
    "receivedKBytesPerSec" : 0.25216621010004764,
    "sentKBytesPerSec" : 0.5327741984053502
  },
  "CreatedAccount-GetRequestedOTP" : {
    "transaction" : "CreatedAccount-GetRequestedOTP",
    "sampleCount" : 100,
    "errorCount" : 12,
    "errorPct" : 12.0,
    "meanResTime" : 22946.339999999997,
    "medianResTime" : 33453.5,
    "minResTime" : 5.0,
    "maxResTime" : 43668.0,
    "pct1ResTime" : 39220.4,
    "pct2ResTime" : 39785.2,
    "pct3ResTime" : 43666.75,
    "throughput" : 0.9523446725839015,
    "receivedKBytesPerSec" : 0.24615877728467486,
    "sentKBytesPerSec" : 0.48640260132947316
  }
}