{
  "GetRequestedOTP" : {
    "transaction" : "GetRequestedOTP",
    "sampleCount" : 50,
    "errorCount" : 50,
    "errorPct" : 100.0,
    "meanResTime" : 130165.73999999999,
    "medianResTime" : 130166.0,
    "minResTime" : 130162.0,
    "maxResTime" : 130167.0,
    "pct1ResTime" : 130166.0,
    "pct2ResTime" : 130166.45,
    "pct3ResTime" : 130167.0,
    "throughput" : 0.13373310616536366,
    "receivedKBytesPerSec" : 0.3553591619882368,
    "sentKBytesPerSec" : 0.0
  },
  "UserName" : {
    "transaction" : "UserName",
    "sampleCount" : 50,
    "errorCount" : 50,
    "errorPct" : 100.0,
    "meanResTime" : 130165.55999999998,
    "medianResTime" : 130166.0,
    "minResTime" : 130155.0,
    "maxResTime" : 130169.0,
    "pct1ResTime" : 130166.0,
    "pct2ResTime" : 130166.0,
    "pct3ResTime" : 130169.0,
    "throughput" : 0.13373417924659511,
    "receivedKBytesPerSec" : 0.35536201340818885,
    "sentKBytesPerSec" : 0.0
  },
  "ResetOTP" : {
    "transaction" : "ResetOTP",
    "sampleCount" : 50,
    "errorCount" : 50,
    "errorPct" : 100.0,
    "meanResTime" : 130165.9,
    "medianResTime" : 130166.0,
    "minResTime" : 130164.0,
    "maxResTime" : 130168.0,
    "pct1ResTime" : 130166.0,
    "pct2ResTime" : 130167.0,
    "pct3ResTime" : 130168.0,
    "throughput" : 0.13373346385719406,
    "receivedKBytesPerSec" : 0.35536011245646976,
    "sentKBytesPerSec" : 0.0
  },
  "Total" : {
    "transaction" : "Total",
    "sampleCount" : 400,
    "errorCount" : 400,
    "errorPct" : 100.0,
    "meanResTime" : 130164.82249999995,
    "medianResTime" : 130166.0,
    "minResTime" : 129171.0,
    "maxResTime" : 131151.0,
    "pct1ResTime" : 130167.0,
    "pct2ResTime" : 130385.3,
    "pct3ResTime" : 131044.89,
    "throughput" : 0.30289950551655725,
    "receivedKBytesPerSec" : 0.7813564881074082,
    "sentKBytesPerSec" : 0.0
  },
  "CreateAccount" : {
    "transaction" : "CreateAccount",
    "sampleCount" : 50,
    "errorCount" : 50,
    "errorPct" : 100.0,
    "meanResTime" : 130164.06000000003,
    "medianResTime" : 130165.0,
    "minResTime" : 130118.0,
    "maxResTime" : 130170.0,
    "pct1ResTime" : 130166.0,
    "pct2ResTime" : 130166.45,
    "pct3ResTime" : 130170.0,
    "throughput" : 0.13375063531551776,
    "receivedKBytesPerSec" : 0.35540574091164434,
    "sentKBytesPerSec" : 0.0
  },
  "RegisterDevice" : {
    "transaction" : "RegisterDevice",
    "sampleCount" : 50,
    "errorCount" : 50,
    "errorPct" : 100.0,
    "meanResTime" : 130160.05999999998,
    "medianResTime" : 130163.0,
    "minResTime" : 129171.0,
    "maxResTime" : 131151.0,
    "pct1ResTime" : 131027.5,
    "pct2ResTime" : 131096.25,
    "pct3ResTime" : 131151.0,
    "throughput" : 0.1335484353465315,
    "receivedKBytesPerSec" : 0.3548684497831173,
    "sentKBytesPerSec" : 0.0
  },
  "Initv1" : {
    "transaction" : "Initv1",
    "sampleCount" : 50,
    "errorCount" : 50,
    "errorPct" : 100.0,
    "meanResTime" : 130166.05999999998,
    "medianResTime" : 130167.0,
    "minResTime" : 130153.0,
    "maxResTime" : 130169.0,
    "pct1ResTime" : 130167.0,
    "pct2ResTime" : 130167.0,
    "pct3ResTime" : 130169.0,
    "throughput" : 0.13373453694416582,
    "receivedKBytesPerSec" : 0.2723012788365095,
    "sentKBytesPerSec" : 0.0
  },
  "VerifyOTP" : {
    "transaction" : "VerifyOTP",
    "sampleCount" : 50,
    "errorCount" : 50,
    "errorPct" : 100.0,
    "meanResTime" : 130165.26000000002,
    "medianResTime" : 130166.0,
    "minResTime" : 130153.0,
    "maxResTime" : 130166.0,
    "pct1ResTime" : 130166.0,
    "pct2ResTime" : 130166.0,
    "pct3ResTime" : 130166.0,
    "throughput" : 0.13373382155093788,
    "receivedKBytesPerSec" : 0.3553610629297871,
    "sentKBytesPerSec" : 0.0
  },
  "CreatedAccount-GetRequestedOTP" : {
    "transaction" : "CreatedAccount-GetRequestedOTP",
    "sampleCount" : 50,
    "errorCount" : 50,
    "errorPct" : 100.0,
    "meanResTime" : 130165.93999999997,
    "medianResTime" : 130166.0,
    "minResTime" : 130161.0,
    "maxResTime" : 130170.0,
    "pct1ResTime" : 130167.0,
    "pct2ResTime" : 130167.0,
    "pct3ResTime" : 130170.0,
    "throughput" : 0.13373346385719406,
    "receivedKBytesPerSec" : 0.35536011245646976,
    "sentKBytesPerSec" : 0.0
  }
}