{
  "GetRequestedOTP" : {
    "transaction" : "GetRequestedOTP",
    "sampleCount" : 5,
    "errorCount" : 0,
    "errorPct" : 0.0,
    "meanResTime" : 40.8,
    "medianResTime" : 13.0,
    "minResTime" : 6.0,
    "maxResTime" : 91.0,
    "pct1ResTime" : 91.0,
    "pct2ResTime" : 91.0,
    "pct3ResTime" : 91.0,
    "throughput" : 0.21835968206830292,
    "receivedKBytesPerSec" : 0.050964808607738665,
    "sentKBytesPerSec" : 0.12986430310507469
  },
  "UserName" : {
    "transaction" : "UserName",
    "sampleCount" : 5,
    "errorCount" : 0,
    "errorPct" : 0.0,
    "meanResTime" : 1286.4,
    "medianResTime" : 1300.0,
    "minResTime" : 700.0,
    "maxResTime" : 1598.0,
    "pct1ResTime" : 1598.0,
    "pct2ResTime" : 1598.0,
    "pct3ResTime" : 1598.0,
    "throughput" : 0.21577766269635767,
    "receivedKBytesPerSec" : 0.061614637277749004,
    "sentKBytesPerSec" : 0.1342288780640428
  },
  "ResetOTP" : {
    "transaction" : "ResetOTP",
    "sampleCount" : 5,
    "errorCount" : 0,
    "errorPct" : 0.0,
    "meanResTime" : 145.4,
    "medianResTime" : 92.0,
    "minResTime" : 59.0,
    "maxResTime" : 397.0,
    "pct1ResTime" : 397.0,
    "pct2ResTime" : 397.0,
    "pct3ResTime" : 397.0,
    "throughput" : 0.21861746316295744,
    "receivedKBytesPerSec" : 0.05102497431244808,
    "sentKBytesPerSec" : 0.13129857406759654
  },
  "Total" : {
    "transaction" : "Total",
    "sampleCount" : 40,
    "errorCount" : 0,
    "errorPct" : 0.0,
    "meanResTime" : 596.15,
    "medianResTime" : 88.5,
    "minResTime" : 6.0,
    "maxResTime" : 4684.0,
    "pct1ResTime" : 2105.9999999999995,
    "pct2ResTime" : 3541.9499999999957,
    "pct3ResTime" : 4684.0,
    "throughput" : 0.5347522091950643,
    "receivedKBytesPerSec" : 0.1769277817141482,
    "sentKBytesPerSec" : 0.2680941556596837
  },
  "CreateAccount" : {
    "transaction" : "CreateAccount",
    "sampleCount" : 5,
    "errorCount" : 0,
    "errorPct" : 0.0,
    "meanResTime" : 225.2,
    "medianResTime" : 205.0,
    "minResTime" : 167.0,
    "maxResTime" : 308.0,
    "pct1ResTime" : 308.0,
    "pct2ResTime" : 308.0,
    "pct3ResTime" : 308.0,
    "throughput" : 0.24834848259077139,
    "receivedKBytesPerSec" : 0.0613595372026027,
    "sentKBytesPerSec" : 0.15909824665971292
  },
  "RegisterDevice" : {
    "transaction" : "RegisterDevice",
    "sampleCount" : 5,
    "errorCount" : 0,
    "errorPct" : 0.0,
    "meanResTime" : 39.8,
    "medianResTime" : 53.0,
    "minResTime" : 6.0,
    "maxResTime" : 73.0,
    "pct1ResTime" : 73.0,
    "pct2ResTime" : 73.0,
    "pct3ResTime" : 73.0,
    "throughput" : 0.250890661849566,
    "receivedKBytesPerSec" : 0.12250520598123339,
    "sentKBytesPerSec" : 0.11637994568217172
  },
  "Initv1" : {
    "transaction" : "Initv1",
    "sampleCount" : 5,
    "errorCount" : 0,
    "errorPct" : 0.0,
    "meanResTime" : 2958.2,
    "medianResTime" : 2591.0,
    "minResTime" : 1782.0,
    "maxResTime" : 4684.0,
    "pct1ResTime" : 4684.0,
    "pct2ResTime" : 4684.0,
    "pct3ResTime" : 4684.0,
    "throughput" : 0.20265067077372026,
    "receivedKBytesPerSec" : 0.13754122674583555,
    "sentKBytesPerSec" : 0.0
  },
  "VerifyOTP" : {
    "transaction" : "VerifyOTP",
    "sampleCount" : 5,
    "errorCount" : 0,
    "errorPct" : 0.0,
    "meanResTime" : 31.4,
    "medianResTime" : 14.0,
    "minResTime" : 11.0,
    "maxResTime" : 73.0,
    "pct1ResTime" : 73.0,
    "pct2ResTime" : 73.0,
    "pct3ResTime" : 73.0,
    "throughput" : 0.24951344877488899,
    "receivedKBytesPerSec" : 0.06164736576176456,
    "sentKBytesPerSec" : 0.14619928639153648
  },
  "CreatedAccount-GetRequestedOTP" : {
    "transaction" : "CreatedAccount-GetRequestedOTP",
    "sampleCount" : 5,
    "errorCount" : 0,
    "errorPct" : 0.0,
    "meanResTime" : 42.0,
    "medianResTime" : 19.0,
    "minResTime" : 7.0,
    "maxResTime" : 90.0,
    "pct1ResTime" : 90.0,
    "pct2ResTime" : 90.0,
    "pct3ResTime" : 90.0,
    "throughput" : 0.24958817950381867,
    "receivedKBytesPerSec" : 0.058253491114660806,
    "sentKBytesPerSec" : 0.12552530512154944
  }
}