{
  "List All the Recent Stories for the user V1" : {
    "transaction" : "List All the Recent Stories for the user V1",
    "sampleCount" : 200,
    "errorCount" : 39,
    "errorPct" : 19.5,
    "meanResTime" : 15947.96500000001,
    "medianResTime" : 1133.0,
    "minResTime" : 150.0,
    "maxResTime" : 60032.0,
    "pct1ResTime" : 60002.0,
    "pct2ResTime" : 60003.0,
    "pct3ResTime" : 60013.97,
    "throughput" : 0.18132300517495858,
    "receivedKBytesPerSec" : 0.04928214080592636,
    "sentKBytesPerSec" : 0.11049370627849038
  },
  "List all the Flicks feed for a user V2" : {
    "transaction" : "List all the Flicks feed for a user V2",
    "sampleCount" : 200,
    "errorCount" : 61,
    "errorPct" : 30.5,
    "meanResTime" : 22622.179999999986,
    "medianResTime" : 1215.0,
    "minResTime" : 130.0,
    "maxResTime" : 60010.0,
    "pct1ResTime" : 60002.0,
    "pct2ResTime" : 60002.95,
    "pct3ResTime" : 60007.97,
    "throughput" : 0.1834222931455089,
    "receivedKBytesPerSec" : 0.05168155969707808,
    "sentKBytesPerSec" : 0.11123558988609475
  },
  "findPlace" : {
    "transaction" : "findPlace",
    "sampleCount" : 200,
    "errorCount" : 61,
    "errorPct" : 30.5,
    "meanResTime" : 25725.505000000005,
    "medianResTime" : 5246.0,
    "minResTime" : 1488.0,
    "maxResTime" : 60024.0,
    "pct1ResTime" : 60003.0,
    "pct2ResTime" : 60009.95,
    "pct3ResTime" : 60012.98,
    "throughput" : 0.18838671270837926,
    "receivedKBytesPerSec" : 0.04860524364995488,
    "sentKBytesPerSec" : 0.11663786704796138
  },
  "Get Feed on Story V1" : {
    "transaction" : "Get Feed on Story V1",
    "sampleCount" : 200,
    "errorCount" : 83,
    "errorPct" : 41.5,
    "meanResTime" : 26903.660000000007,
    "medianResTime" : 11857.0,
    "minResTime" : 122.0,
    "maxResTime" : 60010.0,
    "pct1ResTime" : 60002.0,
    "pct2ResTime" : 60003.0,
    "pct3ResTime" : 60009.99,
    "throughput" : 0.18123690563356798,
    "receivedKBytesPerSec" : 0.0502463391844158,
    "sentKBytesPerSec" : 0.11730487921466423
  },
  "List all the Recent Stories for User V2" : {
    "transaction" : "List all the Recent Stories for User V2",
    "sampleCount" : 200,
    "errorCount" : 56,
    "errorPct" : 28.0,
    "meanResTime" : 21738.609999999993,
    "medianResTime" : 1655.0,
    "minResTime" : 140.0,
    "maxResTime" : 60013.0,
    "pct1ResTime" : 60002.0,
    "pct2ResTime" : 60002.95,
    "pct3ResTime" : 60011.99,
    "throughput" : 0.18204491047941526,
    "receivedKBytesPerSec" : 0.0497352384333215,
    "sentKBytesPerSec" : 0.11093361732339367
  },
  "RegisterDevice" : {
    "transaction" : "RegisterDevice",
    "sampleCount" : 200,
    "errorCount" : 0,
    "errorPct" : 0.0,
    "meanResTime" : 61.339999999999996,
    "medianResTime" : 18.5,
    "minResTime" : 11.0,
    "maxResTime" : 801.0,
    "pct1ResTime" : 67.9,
    "pct2ResTime" : 504.69999999999993,
    "pct3ResTime" : 739.4100000000005,
    "throughput" : 0.20107211652531298,
    "receivedKBytesPerSec" : 0.1028923721281875,
    "sentKBytesPerSec" : 0.09484163308762321
  },
  "login" : {
    "transaction" : "login",
    "sampleCount" : 200,
    "errorCount" : 0,
    "errorPct" : 0.0,
    "meanResTime" : 1177.650000000001,
    "medianResTime" : 942.0,
    "minResTime" : 429.0,
    "maxResTime" : 6638.0,
    "pct1ResTime" : 1909.6000000000001,
    "pct2ResTime" : 2764.199999999997,
    "pct3ResTime" : 4948.200000000012,
    "throughput" : 0.20089357461990937,
    "receivedKBytesPerSec" : 0.14792358912442544,
    "sentKBytesPerSec" : 0.12869744624087942
  },
  "List all the flicks feed for a user V1" : {
    "transaction" : "List all the flicks feed for a user V1",
    "sampleCount" : 200,
    "errorCount" : 13,
    "errorPct" : 6.5,
    "meanResTime" : 9193.454999999994,
    "medianResTime" : 392.0,
    "minResTime" : 111.0,
    "maxResTime" : 60015.0,
    "pct1ResTime" : 48718.3,
    "pct2ResTime" : 60001.0,
    "pct3ResTime" : 60009.99,
    "throughput" : 0.18338310656484014,
    "receivedKBytesPerSec" : 0.049278837337350646,
    "sentKBytesPerSec" : 0.11121182536793528
  },
  "createStory" : {
    "transaction" : "createStory",
    "sampleCount" : 200,
    "errorCount" : 29,
    "errorPct" : 14.5,
    "meanResTime" : 10587.130000000001,
    "medianResTime" : 301.0,
    "minResTime" : 131.0,
    "maxResTime" : 60013.0,
    "pct1ResTime" : 60009.0,
    "pct2ResTime" : 60010.0,
    "pct3ResTime" : 60011.99,
    "throughput" : 0.19704064652976938,
    "receivedKBytesPerSec" : 0.5351087100955746,
    "sentKBytesPerSec" : 0.7287040316486686
  },
  "storyDetails" : {
    "transaction" : "storyDetails",
    "sampleCount" : 200,
    "errorCount" : 107,
    "errorPct" : 53.5,
    "meanResTime" : 35242.425000000025,
    "medianResTime" : 50493.0,
    "minResTime" : 108.0,
    "maxResTime" : 60011.0,
    "pct1ResTime" : 60002.0,
    "pct2ResTime" : 60003.0,
    "pct3ResTime" : 60010.0,
    "throughput" : 0.18536694777564297,
    "receivedKBytesPerSec" : 0.33486611524633875,
    "sentKBytesPerSec" : 0.12120536479751905
  },
  "Total" : {
    "transaction" : "Total",
    "sampleCount" : 3600,
    "errorCount" : 895,
    "errorPct" : 24.86111,
    "meanResTime" : 16977.840277777777,
    "medianResTime" : 1008.5,
    "minResTime" : 2.0,
    "maxResTime" : 60036.0,
    "pct1ResTime" : 60002.0,
    "pct2ResTime" : 60003.0,
    "pct3ResTime" : 60011.0,
    "throughput" : 3.1642815894186427,
    "receivedKBytesPerSec" : 2.8418354242312773,
    "sentKBytesPerSec" : 2.5434853182827792
  },
  "getStory" : {
    "transaction" : "getStory",
    "sampleCount" : 200,
    "errorCount" : 67,
    "errorPct" : 33.5,
    "meanResTime" : 20785.555,
    "medianResTime" : 1769.0,
    "minResTime" : 120.0,
    "maxResTime" : 60011.0,
    "pct1ResTime" : 60002.0,
    "pct2ResTime" : 60003.0,
    "pct3ResTime" : 60011.0,
    "throughput" : 0.196973308147013,
    "receivedKBytesPerSec" : 0.48472265019460964,
    "sentKBytesPerSec" : 0.12879438301065824
  },
  "List all the Explore feed for the user V2" : {
    "transaction" : "List all the Explore feed for the user V2",
    "sampleCount" : 200,
    "errorCount" : 80,
    "errorPct" : 40.0,
    "meanResTime" : 24087.934999999998,
    "medianResTime" : 5622.5,
    "minResTime" : 119.0,
    "maxResTime" : 60018.0,
    "pct1ResTime" : 60002.0,
    "pct2ResTime" : 60009.95,
    "pct3ResTime" : 60012.99,
    "throughput" : 0.18177786018374106,
    "receivedKBytesPerSec" : 0.05079129038649609,
    "sentKBytesPerSec" : 0.11620913037244467
  },
  "List All the Explore Feed for the user v1" : {
    "transaction" : "List All the Explore Feed for the user v1",
    "sampleCount" : 200,
    "errorCount" : 70,
    "errorPct" : 35.0,
    "meanResTime" : 21576.265,
    "medianResTime" : 4192.0,
    "minResTime" : 114.0,
    "maxResTime" : 60014.0,
    "pct1ResTime" : 60002.0,
    "pct2ResTime" : 60002.0,
    "pct3ResTime" : 60010.99,
    "throughput" : 0.18059114706078877,
    "receivedKBytesPerSec" : 0.048678484777069264,
    "sentKBytesPerSec" : 0.11545047417591746
  },
  "userStories" : {
    "transaction" : "userStories",
    "sampleCount" : 200,
    "errorCount" : 14,
    "errorPct" : 7.0,
    "meanResTime" : 7406.139999999999,
    "medianResTime" : 361.0,
    "minResTime" : 107.0,
    "maxResTime" : 60012.0,
    "pct1ResTime" : 43710.30000000002,
    "pct2ResTime" : 60002.95,
    "pct3ResTime" : 60011.99,
    "throughput" : 0.18643029790629453,
    "receivedKBytesPerSec" : 0.046389101471214694,
    "sentKBytesPerSec" : 0.12631016804827053
  },
  "AllStoriesByAUser" : {
    "transaction" : "AllStoriesByAUser",
    "sampleCount" : 200,
    "errorCount" : 32,
    "errorPct" : 16.0,
    "meanResTime" : 15070.844999999996,
    "medianResTime" : 600.5,
    "minResTime" : 104.0,
    "maxResTime" : 60036.0,
    "pct1ResTime" : 60002.0,
    "pct2ResTime" : 60009.0,
    "pct3ResTime" : 60011.0,
    "throughput" : 0.1813822049546363,
    "receivedKBytesPerSec" : 0.04577066578152151,