{
  "GetRequestedOTP" : {
    "transaction" : "GetRequestedOTP",
    "sampleCount" : 10,
    "errorCount" : 0,
    "errorPct" : 0.0,
    "meanResTime" : 64.8,
    "medianResTime" : 87.5,
    "minResTime" : 9.0,
    "maxResTime" : 92.0,
    "pct1ResTime" : 91.9,
    "pct2ResTime" : 92.0,
    "pct3ResTime" : 92.0,
    "throughput" : 0.12740638815630215,
    "receivedKBytesPerSec" : 0.029736451923199427,
    "sentKBytesPerSec" : 0.0757719632687383
  },
  "UserName" : {
    "transaction" : "UserName",
    "sampleCount" : 10,
    "errorCount" : 1,
    "errorPct" : 10.0,
    "meanResTime" : 1298.3,
    "medianResTime" : 1336.5,
    "minResTime" : 640.0,
    "maxResTime" : 2083.0,
    "pct1ResTime" : 2064.8,
    "pct2ResTime" : 2083.0,
    "pct3ResTime" : 2083.0,
    "throughput" : 0.15507722845977295,
    "receivedKBytesPerSec" : 0.07119316904193289,
    "sentKBytesPerSec" : 0.08682204597264438
  },
  "ResetOTP" : {
    "transaction" : "ResetOTP",
    "sampleCount" : 10,
    "errorCount" : 0,
    "errorPct" : 0.0,
    "meanResTime" : 7580.2,
    "medianResTime" : 6144.0,
    "minResTime" : 22.0,
    "maxResTime" : 17498.0,
    "pct1ResTime" : 17428.9,
    "pct2ResTime" : 17498.0,
    "pct3ResTime" : 17498.0,
    "throughput" : 0.1268922811425381,
    "receivedKBytesPerSec" : 0.029616460149479107,
    "sentKBytesPerSec" : 0.07620971963150482
  },
  "Total" : {
    "transaction" : "Total",
    "sampleCount" : 80,
    "errorCount" : 1,
    "errorPct" : 1.25,
    "meanResTime" : 3879.499999999999,
    "medianResTime" : 520.5,
    "minResTime" : 6.0,
    "maxResTime" : 23292.0,
    "pct1ResTime" : 13388.500000000007,
    "pct2ResTime" : 17463.45,
    "pct3ResTime" : 23292.0,
    "throughput" : 0.6109528573501448,
    "receivedKBytesPerSec" : 0.21539220548253818,
    "sentKBytesPerSec" : 0.3015461045073047
  },
  "CreateAccount" : {
    "transaction" : "CreateAccount",
    "sampleCount" : 10,
    "errorCount" : 0,
    "errorPct" : 0.0,
    "meanResTime" : 5122.0,
    "medianResTime" : 349.5,
    "minResTime" : 140.0,
    "maxResTime" : 17604.0,
    "pct1ResTime" : 17433.100000000002,
    "pct2ResTime" : 17604.0,
    "pct3ResTime" : 17604.0,
    "throughput" : 0.16013066662396516,
    "receivedKBytesPerSec" : 0.03956353384361639,
    "sentKBytesPerSec" : 0.10258370830597768
  },
  "RegisterDevice" : {
    "transaction" : "RegisterDevice",
    "sampleCount" : 10,
    "errorCount" : 0,
    "errorPct" : 0.0,
    "meanResTime" : 65.1,
    "medianResTime" : 84.0,
    "minResTime" : 6.0,
    "maxResTime" : 89.0,
    "pct1ResTime" : 88.9,
    "pct2ResTime" : 89.0,
    "pct3ResTime" : 89.0,
    "throughput" : 0.2225090116149704,
    "receivedKBytesPerSec" : 0.10864697832762227,
    "sentKBytesPerSec" : 0.10321462941124115
  },
  "Initv1" : {
    "transaction" : "Initv1",
    "sampleCount" : 10,
    "errorCount" : 0,
    "errorPct" : 0.0,
    "meanResTime" : 8108.9,
    "medianResTime" : 4489.0,
    "minResTime" : 1497.0,
    "maxResTime" : 23292.0,
    "pct1ResTime" : 23093.4,
    "pct2ResTime" : 23292.0,
    "pct3ResTime" : 23292.0,
    "throughput" : 0.12422668886183508,
    "receivedKBytesPerSec" : 0.08431401245993689,
    "sentKBytesPerSec" : 0.0
  },
  "VerifyOTP" : {
    "transaction" : "VerifyOTP",
    "sampleCount" : 10,
    "errorCount" : 0,
    "errorPct" : 0.0,
    "meanResTime" : 6225.700000000001,
    "medianResTime" : 7002.5,
    "minResTime" : 52.0,
    "maxResTime" : 11812.0,
    "pct1ResTime" : 11781.3,
    "pct2ResTime" : 11812.0,
    "pct3ResTime" : 11812.0,
    "throughput" : 0.135585866529273,
    "receivedKBytesPerSec" : 0.033499242413970766,
    "sentKBytesPerSec" : 0.07944484366949589
  },
  "CreatedAccount-GetRequestedOTP" : {
    "transaction" : "CreatedAccount-GetRequestedOTP",
    "sampleCount" : 10,
    "errorCount" : 0,
    "errorPct" : 0.0,
    "meanResTime" : 2571.0,
    "medianResTime" : 87.5,
    "minResTime" : 7.0,
    "maxResTime" : 11101.0,
    "pct1ResTime" : 10801.5,
    "pct2ResTime" : 11101.0,
    "pct3ResTime" : 11101.0,
    "throughput" : 0.16058839588251353,
    "receivedKBytesPerSec" : 0.03748108067961009,
    "sentKBytesPerSec" : 0.08076467175731881
  }
}